network,beta,run,peak
ER,0.001,0,0.001
ER,0.001,1,0.0019
ER,0.001,2,0.001
ER,0.001,3,0.0011
ER,0.001,4,0.0011
ER,0.001,5,0.0012
ER,0.001,6,0.0013
ER,0.001,7,0.0012
ER,0.001,8,0.001
ER,0.001,9,0.001
ER,0.001,10,0.001
ER,0.001,11,0.001
ER,0.001,12,0.001
ER,0.001,13,0.0022
ER,0.001,14,0.001
ER,0.001,15,0.0013
ER,0.001,16,0.0011
ER,0.001,17,0.001
ER,0.001,18,0.001
ER,0.001,19,0.0012
ER,0.001,20,0.001
ER,0.001,21,0.001
ER,0.001,22,0.0012
ER,0.001,23,0.0019
ER,0.001,24,0.0011
ER,0.001,25,0.0011
ER,0.001,26,0.001
ER,0.001,27,0.001
ER,0.001,28,0.001
ER,0.001,29,0.0013
ER,0.001,30,0.001
ER,0.001,31,0.0013
ER,0.001,32,0.0014
ER,0.001,33,0.0011
ER,0.001,34,0.0011
ER,0.001,35,0.0012
ER,0.001,36,0.0013
ER,0.001,37,0.0016
ER,0.001,38,0.001
ER,0.001,39,0.0012
ER,0.001,40,0.001
ER,0.001,41,0.0029
ER,0.001,42,0.001
ER,0.001,43,0.001
ER,0.001,44,0.0016
ER,0.001,45,0.0014
ER,0.001,46,0.001
ER,0.001,47,0.0013
ER,0.001,48,0.0011
ER,0.001,49,0.001
ER,0.001,50,0.0012
ER,0.001,51,0.0013
ER,0.001,52,0.0014
ER,0.001,53,0.001
ER,0.001,54,0.001
ER,0.001,55,0.0011
ER,0.001,56,0.0011
ER,0.001,57,0.001
ER,0.001,58,0.001
ER,0.001,59,0.0016
ER,0.001,60,0.001
ER,0.001,61,0.001
ER,0.001,62,0.001
ER,0.001,63,0.0011
ER,0.001,64,0.002
ER,0.001,65,0.0011
ER,0.001,66,0.001
ER,0.001,67,0.0011
ER,0.001,68,0.0011
ER,0.001,69,0.0013
ER,0.001,70,0.0011
ER,0.001,71,0.0011
ER,0.001,72,0.001
ER,0.001,73,0.0011
ER,0.001,74,0.0011
ER,0.001,75,0.001
ER,0.001,76,0.001
ER,0.001,77,0.0011
ER,0.001,78,0.0011
ER,0.001,79,0.0012
ER,0.001,80,0.0013
ER,0.001,81,0.0011
ER,0.001,82,0.0011
ER,0.001,83,0.001
ER,0.001,84,0.001
ER,0.001,85,0.001
ER,0.001,86,0.0013
ER,0.001,87,0.0013
ER,0.001,88,0.0013
ER,0.001,89,0.001
ER,0.001,90,0.001
ER,0.001,91,0.0015
ER,0.001,92,0.001
ER,0.001,93,0.0015
ER,0.001,94,0.0013
ER,0.001,95,0.001
ER,0.001,96,0.0018
ER,0.001,97,0.0014
ER,0.001,98,0.0018
ER,0.001,99,0.0011
ER,0.001,100,0.0013
ER,0.001,101,0.0018
ER,0.001,102,0.0011
ER,0.001,103,0.0014
ER,0.001,104,0.001
ER,0.001,105,0.0017
ER,0.001,106,0.001
ER,0.001,107,0.001
ER,0.001,108,0.001
ER,0.001,109,0.0014
ER,0.001,110,0.001
ER,0.001,111,0.001
ER,0.001,112,0.0011
ER,0.001,113,0.0011
ER,0.001,114,0.001
ER,0.001,115,0.001
ER,0.001,116,0.001
ER,0.001,117,0.001
ER,0.001,118,0.001
ER,0.001,119,0.001
ER,0.001,120,0.001
ER,0.001,121,0.001
ER,0.001,122,0.0013
ER,0.001,123,0.0011
ER,0.001,124,0.0011
ER,0.001,125,0.001
ER,0.001,126,0.001
ER,0.001,127,0.0013
ER,0.001,128,0.0011
ER,0.001,129,0.001
ER,0.001,130,0.001
ER,0.001,131,0.0012
ER,0.001,132,0.0012
ER,0.001,133,0.0011
ER,0.001,134,0.001
ER,0.001,135,0.001
ER,0.001,136,0.0012
ER,0.001,137,0.0012
ER,0.001,138,0.0016
ER,0.001,139,0.0011
ER,0.001,140,0.0015
ER,0.001,141,0.0011
ER,0.001,142,0.0012
ER,0.001,143,0.0014
ER,0.001,144,0.0016
ER,0.001,145,0.0016
ER,0.001,146,0.001
ER,0.001,147,0.001
ER,0.001,148,0.0011
ER,0.001,149,0.0012
ER,0.001,150,0.0024
ER,0.001,151,0.0012
ER,0.001,152,0.001
ER,0.001,153,0.001
ER,0.001,154,0.001
ER,0.001,155,0.001
ER,0.001,156,0.0012
ER,0.001,157,0.001
ER,0.001,158,0.0014
ER,0.001,159,0.0014
ER,0.001,160,0.001
ER,0.001,161,0.001
ER,0.001,162,0.0011
ER,0.001,163,0.0011
ER,0.001,164,0.001
ER,0.001,165,0.001
ER,0.001,166,0.0011
ER,0.001,167,0.0011
ER,0.001,168,0.0011
ER,0.001,169,0.001
ER,0.001,170,0.0013
ER,0.001,171,0.0013
ER,0.001,172,0.0011
ER,0.001,173,0.001
ER,0.001,174,0.001
ER,0.001,175,0.001
ER,0.001,176,0.0015
ER,0.001,177,0.0011
ER,0.001,178,0.0011
ER,0.001,179,0.0014
ER,0.001,180,0.0025
ER,0.001,181,0.0011
ER,0.001,182,0.0012
ER,0.001,183,0.0015
ER,0.001,184,0.0012
ER,0.001,185,0.0014
ER,0.001,186,0.0015
ER,0.001,187,0.0016
ER,0.001,188,0.001
ER,0.001,189,0.001
ER,0.001,190,0.0011
ER,0.001,191,0.001
ER,0.001,192,0.0014
ER,0.001,193,0.0015
ER,0.001,194,0.0016
ER,0.001,195,0.001
ER,0.001,196,0.001
ER,0.001,197,0.001
ER,0.001,198,0.001
ER,0.001,199,0.0012
BA,0.001,0,0.0013
BA,0.001,1,0.001
BA,0.001,2,0.0037
BA,0.001,3,0.0052
BA,0.001,4,0.0065
BA,0.001,5,0.001
BA,0.001,6,0.003
BA,0.001,7,0.001
BA,0.001,8,0.0016
BA,0.001,9,0.0056
BA,0.001,10,0.0012
BA,0.001,11,0.008
BA,0.001,12,0.0012
BA,0.001,13,0.003
BA,0.001,14,0.0011
BA,0.001,15,0.001
BA,0.001,16,0.0011
BA,0.001,17,0.001
BA,0.001,18,0.001
BA,0.001,19,0.0014
BA,0.001,20,0.0017
BA,0.001,21,0.001
BA,0.001,22,0.0012
BA,0.001,23,0.0011
BA,0.001,24,0.0047
BA,0.001,25,0.001
BA,0.001,26,0.0028
BA,0.001,27,0.0024
BA,0.001,28,0.0063
BA,0.001,29,0.001
BA,0.001,30,0.0029
BA,0.001,31,0.0044
BA,0.001,32,0.002
BA,0.001,33,0.001
BA,0.001,34,0.0014
BA,0.001,35,0.0011
BA,0.001,36,0.002
BA,0.001,37,0.0026
BA,0.001,38,0.003
BA,0.001,39,0.0017
BA,0.001,40,0.001
BA,0.001,41,0.0052
BA,0.001,42,0.0012
BA,0.001,43,0.001
BA,0.001,44,0.0132
BA,0.001,45,0.0049
BA,0.001,46,0.001
BA,0.001,47,0.0011
BA,0.001,48,0.001
BA,0.001,49,0.002
BA,0.001,50,0.0012
BA,0.001,51,0.0011
BA,0.001,52,0.001
BA,0.001,53,0.001
BA,0.001,54,0.001
BA,0.001,55,0.0011
BA,0.001,56,0.0025
BA,0.001,57,0.0011
BA,0.001,58,0.001
BA,0.001,59,0.0089
BA,0.001,60,0.001
BA,0.001,61,0.0016
BA,0.001,62,0.0017
BA,0.001,63,0.0012
BA,0.001,64,0.0011
BA,0.001,65,0.0012
BA,0.001,66,0.004
BA,0.001,67,0.001
BA,0.001,68,0.0022
BA,0.001,69,0.0013
BA,0.001,70,0.001
BA,0.001,71,0.0011
BA,0.001,72,0.001
BA,0.001,73,0.0012
BA,0.001,74,0.001
BA,0.001,75,0.001
BA,0.001,76,0.001
BA,0.001,77,0.001
BA,0.001,78,0.0012
BA,0.001,79,0.0022
BA,0.001,80,0.0017
BA,0.001,81,0.0096
BA,0.001,82,0.0011
BA,0.001,83,0.0028
BA,0.001,84,0.0043
BA,0.001,85,0.001
BA,0.001,86,0.001
BA,0.001,87,0.001
BA,0.001,88,0.0017
BA,0.001,89,0.0025
BA,0.001,90,0.0022
BA,0.001,91,0.0015
BA,0.001,92,0.0022
BA,0.001,93,0.0059
BA,0.001,94,0.0012
BA,0.001,95,0.0011
BA,0.001,96,0.0038
BA,0.001,97,0.0062
BA,0.001,98,0.0055
BA,0.001,99,0.0022
BA,0.001,100,0.001
BA,0.001,101,0.0023
BA,0.001,102,0.001
BA,0.001,103,0.0011
BA,0.001,104,0.0114
BA,0.001,105,0.0018
BA,0.001,106,0.0026
BA,0.001,107,0.0042
BA,0.001,108,0.0074
BA,0.001,109,0.0014
BA,0.001,110,0.0026
BA,0.001,111,0.0035
BA,0.001,112,0.0028
BA,0.001,113,0.0016
BA,0.001,114,0.0045
BA,0.001,115,0.001
BA,0.001,116,0.0011
BA,0.001,117,0.0016
BA,0.001,118,0.0012
BA,0.001,119,0.0012
BA,0.001,120,0.0014
BA,0.001,121,0.001
BA,0.001,122,0.001
BA,0.001,123,0.0012
BA,0.001,124,0.001
BA,0.001,125,0.001
BA,0.001,126,0.001
BA,0.001,127,0.001
BA,0.001,128,0.0055
BA,0.001,129,0.0018
BA,0.001,130,0.0061
BA,0.001,131,0.0043
BA,0.001,132,0.001
BA,0.001,133,0.001
BA,0.001,134,0.001
BA,0.001,135,0.0016
BA,0.001,136,0.001
BA,0.001,137,0.001
BA,0.001,138,0.0013
BA,0.001,139,0.0011
BA,0.001,140,0.0026
BA,0.001,141,0.0039
BA,0.001,142,0.0012
BA,0.001,143,0.0025
BA,0.001,144,0.001
BA,0.001,145,0.0017
BA,0.001,146,0.0084
BA,0.001,147,0.0013
BA,0.001,148,0.0035
BA,0.001,149,0.001
BA,0.001,150,0.0036
BA,0.001,151,0.0015
BA,0.001,152,0.001
BA,0.001,153,0.001
BA,0.001,154,0.0046
BA,0.001,155,0.0054
BA,0.001,156,0.0017
BA,0.001,157,0.0025
BA,0.001,158,0.0046
BA,0.001,159,0.0085
BA,0.001,160,0.0035
BA,0.001,161,0.0012
BA,0.001,162,0.0011
BA,0.001,163,0.0011
BA,0.001,164,0.001
BA,0.001,165,0.0014
BA,0.001,166,0.0011
BA,0.001,167,0.0032
BA,0.001,168,0.0033
BA,0.001,169,0.001
BA,0.001,170,0.002
BA,0.001,171,0.0091
BA,0.001,172,0.0027
BA,0.001,173,0.0112
BA,0.001,174,0.0034
BA,0.001,175,0.0026
BA,0.001,176,0.0012
BA,0.001,177,0.0052
BA,0.001,178,0.0017
BA,0.001,179,0.0101
BA,0.001,180,0.0038
BA,0.001,181,0.0019
BA,0.001,182,0.001
BA,0.001,183,0.0031
BA,0.001,184,0.0013
BA,0.001,185,0.001
BA,0.001,186,0.0028
BA,0.001,187,0.0045
BA,0.001,188,0.003
BA,0.001,189,0.001
BA,0.001,190,0.001
BA,0.001,191,0.001
BA,0.001,192,0.0022
BA,0.001,193,0.0022
BA,0.001,194,0.0012
BA,0.001,195,0.0014
BA,0.001,196,0.001
BA,0.001,197,0.0021
BA,0.001,198,0.0043
BA,0.001,199,0.0012
ER,0.0015,0,0.0015
ER,0.0015,1,0.0011
ER,0.0015,2,0.003
ER,0.0015,3,0.001
ER,0.0015,4,0.002
ER,0.0015,5,0.0018
ER,0.0015,6,0.0018
ER,0.0015,7,0.0018
ER,0.0015,8,0.0011
ER,0.0015,9,0.0025
ER,0.0015,10,0.0013
ER,0.0015,11,0.0015
ER,0.0015,12,0.0031
ER,0.0015,13,0.0018
ER,0.0015,14,0.0017
ER,0.0015,15,0.0013
ER,0.0015,16,0.0019
ER,0.0015,17,0.001
ER,0.0015,18,0.0033
ER,0.0015,19,0.0018
ER,0.0015,20,0.002
ER,0.0015,21,0.0012
ER,0.0015,22,0.0012
ER,0.0015,23,0.0012
ER,0.0015,24,0.0016
ER,0.0015,25,0.0014
ER,0.0015,26,0.0015
ER,0.0015,27,0.0012
ER,0.0015,28,0.0013
ER,0.0015,29,0.001
ER,0.0015,30,0.0019
ER,0.0015,31,0.0019
ER,0.0015,32,0.0014
ER,0.0015,33,0.0011
ER,0.0015,34,0.0016
ER,0.0015,35,0.0019
ER,0.0015,36,0.0014
ER,0.0015,37,0.0011
ER,0.0015,38,0.0016
ER,0.0015,39,0.0011
ER,0.0015,40,0.0016
ER,0.0015,41,0.001
ER,0.0015,42,0.001
ER,0.0015,43,0.0011
ER,0.0015,44,0.0011
ER,0.0015,45,0.001
ER,0.0015,46,0.001
ER,0.0015,47,0.0016
ER,0.0015,48,0.0011
ER,0.0015,49,0.0021
ER,0.0015,50,0.0011
ER,0.0015,51,0.0016
ER,0.0015,52,0.0031
ER,0.0015,53,0.0013
ER,0.0015,54,0.0012
ER,0.0015,55,0.0013
ER,0.0015,56,0.0012
ER,0.0015,57,0.0018
ER,0.0015,58,0.0022
ER,0.0015,59,0.0013
ER,0.0015,60,0.001
ER,0.0015,61,0.0029
ER,0.0015,62,0.0017
ER,0.0015,63,0.0012
ER,0.0015,64,0.001
ER,0.0015,65,0.001
ER,0.0015,66,0.0012
ER,0.0015,67,0.0015
ER,0.0015,68,0.0011
ER,0.0015,69,0.0015
ER,0.0015,70,0.002
ER,0.0015,71,0.0023
ER,0.0015,72,0.0011
ER,0.0015,73,0.0024
ER,0.0015,74,0.001
ER,0.0015,75,0.0012
ER,0.0015,76,0.0029
ER,0.0015,77,0.001
ER,0.0015,78,0.0014
ER,0.0015,79,0.0014
ER,0.0015,80,0.0024
ER,0.0015,81,0.0026
ER,0.0015,82,0.0014
ER,0.0015,83,0.0012
ER,0.0015,84,0.0015
ER,0.0015,85,0.0014
ER,0.0015,86,0.0011
ER,0.0015,87,0.0012
ER,0.0015,88,0.001
ER,0.0015,89,0.0023
ER,0.0015,90,0.001
ER,0.0015,91,0.0017
ER,0.0015,92,0.001
ER,0.0015,93,0.0011
ER,0.0015,94,0.0019
ER,0.0015,95,0.0014
ER,0.0015,96,0.0017
ER,0.0015,97,0.0018
ER,0.0015,98,0.001
ER,0.0015,99,0.0012
ER,0.0015,100,0.001
ER,0.0015,101,0.0018
ER,0.0015,102,0.0018
ER,0.0015,103,0.001
ER,0.0015,104,0.0015
ER,0.0015,105,0.0013
ER,0.0015,106,0.0027
ER,0.0015,107,0.0015
ER,0.0015,108,0.0021
ER,0.0015,109,0.0018
ER,0.0015,110,0.0017
ER,0.0015,111,0.002
ER,0.0015,112,0.001
ER,0.0015,113,0.0011
ER,0.0015,114,0.0018
ER,0.0015,115,0.0014
ER,0.0015,116,0.0016
ER,0.0015,117,0.0012
ER,0.0015,118,0.001
ER,0.0015,119,0.0026
ER,0.0015,120,0.0017
ER,0.0015,121,0.0011
ER,0.0015,122,0.002
ER,0.0015,123,0.0023
ER,0.0015,124,0.0018
ER,0.0015,125,0.002
ER,0.0015,126,0.001
ER,0.0015,127,0.0016
ER,0.0015,128,0.0011
ER,0.0015,129,0.0014
ER,0.0015,130,0.0013
ER,0.0015,131,0.001
ER,0.0015,132,0.0027
ER,0.0015,133,0.0011
ER,0.0015,134,0.0021
ER,0.0015,135,0.0015
ER,0.0015,136,0.002
ER,0.0015,137,0.0015
ER,0.0015,138,0.0018
ER,0.0015,139,0.0017
ER,0.0015,140,0.0012
ER,0.0015,141,0.0014
ER,0.0015,142,0.0022
ER,0.0015,143,0.0013
ER,0.0015,144,0.001
ER,0.0015,145,0.0011
ER,0.0015,146,0.0018
ER,0.0015,147,0.0018
ER,0.0015,148,0.0027
ER,0.0015,149,0.0015
ER,0.0015,150,0.001
ER,0.0015,151,0.0013
ER,0.0015,152,0.0028
ER,0.0015,153,0.0019
ER,0.0015,154,0.0016
ER,0.0015,155,0.0031
ER,0.0015,156,0.0013
ER,0.0015,157,0.0012
ER,0.0015,158,0.0018
ER,0.0015,159,0.0011
ER,0.0015,160,0.0015
ER,0.0015,161,0.0033
ER,0.0015,162,0.0026
ER,0.0015,163,0.0019
ER,0.0015,164,0.0011
ER,0.0015,165,0.0026
ER,0.0015,166,0.0015
ER,0.0015,167,0.001
ER,0.0015,168,0.001
ER,0.0015,169,0.0013
ER,0.0015,170,0.0019
ER,0.0015,171,0.0013
ER,0.0015,172,0.0018
ER,0.0015,173,0.0021
ER,0.0015,174,0.0012
ER,0.0015,175,0.0013
ER,0.0015,176,0.0028
ER,0.0015,177,0.0014
ER,0.0015,178,0.0019
ER,0.0015,179,0.0011
ER,0.0015,180,0.0019
ER,0.0015,181,0.0012
ER,0.0015,182,0.0021
ER,0.0015,183,0.0017
ER,0.0015,184,0.0012
ER,0.0015,185,0.0011
ER,0.0015,186,0.001
ER,0.0015,187,0.0015
ER,0.0015,188,0.0014
ER,0.0015,189,0.0011
ER,0.0015,190,0.0033
ER,0.0015,191,0.0018
ER,0.0015,192,0.0019
ER,0.0015,193,0.0024
ER,0.0015,194,0.0013
ER,0.0015,195,0.0013
ER,0.0015,196,0.0011
ER,0.0015,197,0.0017
ER,0.0015,198,0.0016
ER,0.0015,199,0.0012
BA,0.0015,0,0.0027
BA,0.0015,1,0.0027
BA,0.0015,2,0.0026
BA,0.0015,3,0.0011
BA,0.0015,4,0.0241
BA,0.0015,5,0.001
BA,0.0015,6,0.001
BA,0.0015,7,0.0028
BA,0.0015,8,0.0035
BA,0.0015,9,0.0065
BA,0.0015,10,0.0012
BA,0.0015,11,0.0221
BA,0.0015,12,0.0151
BA,0.0015,13,0.0321
BA,0.0015,14,0.0026
BA,0.0015,15,0.0287
BA,0.0015,16,0.0159
BA,0.0015,17,0.0051
BA,0.0015,18,0.0029
BA,0.0015,19,0.006
BA,0.0015,20,0.0121
BA,0.0015,21,0.0026
BA,0.0015,22,0.0166
BA,0.0015,23,0.001
BA,0.0015,24,0.0015
BA,0.0015,25,0.0037
BA,0.0015,26,0.0047
BA,0.0015,27,0.0016
BA,0.0015,28,0.0014
BA,0.0015,29,0.018
BA,0.0015,30,0.0081
BA,0.0015,31,0.0013
BA,0.0015,32,0.0238
BA,0.0015,33,0.0129
BA,0.0015,34,0.0022
BA,0.0015,35,0.0135
BA,0.0015,36,0.0212
BA,0.0015,37,0.0033
BA,0.0015,38,0.0037
BA,0.0015,39,0.0116
BA,0.0015,40,0.0083
BA,0.0015,41,0.0051
BA,0.0015,42,0.0025
BA,0.0015,43,0.0037
BA,0.0015,44,0.0243
BA,0.0015,45,0.0012
BA,0.0015,46,0.0252
BA,0.0015,47,0.0169
BA,0.0015,48,0.0031
BA,0.0015,49,0.0031
BA,0.0015,50,0.0078
BA,0.0015,51,0.016
BA,0.0015,52,0.0218
BA,0.0015,53,0.012
BA,0.0015,54,0.0061
BA,0.0015,55,0.0017
BA,0.0015,56,0.0051
BA,0.0015,57,0.0039
BA,0.0015,58,0.0011
BA,0.0015,59,0.0146
BA,0.0015,60,0.0299
BA,0.0015,61,0.0204
BA,0.0015,62,0.0215
BA,0.0015,63,0.0047
BA,0.0015,64,0.004
BA,0.0015,65,0.0239
BA,0.0015,66,0.0064
BA,0.0015,67,0.0184
BA,0.0015,68,0.0093
BA,0.0015,69,0.0042
BA,0.0015,70,0.0178
BA,0.0015,71,0.001
BA,0.0015,72,0.0074
BA,0.0015,73,0.0403
BA,0.0015,74,0.0252
BA,0.0015,75,0.0033
BA,0.0015,76,0.0229
BA,0.0015,77,0.0319
BA,0.0015,78,0.0096
BA,0.0015,79,0.0052
BA,0.0015,80,0.0077
BA,0.0015,81,0.0016
BA,0.0015,82,0.0074
BA,0.0015,83,0.0012
BA,0.0015,84,0.0014
BA,0.0015,85,0.0046
BA,0.0015,86,0.0036
BA,0.0015,87,0.0143
BA,0.0015,88,0.0025
BA,0.0015,89,0.0026
BA,0.0015,90,0.0011
BA,0.0015,91,0.0047
BA,0.0015,92,0.0013
BA,0.0015,93,0.0025
BA,0.0015,94,0.0013
BA,0.0015,95,0.001
BA,0.0015,96,0.0011
BA,0.0015,97,0.0096
BA,0.0015,98,0.0151
BA,0.0015,99,0.0014
BA,0.0015,100,0.0078
BA,0.0015,101,0.0027
BA,0.0015,102,0.001
BA,0.0015,103,0.0015
BA,0.0015,104,0.007
BA,0.0015,105,0.0022
BA,0.0015,106,0.0018
BA,0.0015,107,0.0038
BA,0.0015,108,0.0023
BA,0.0015,109,0.0237
BA,0.0015,110,0.0203
BA,0.0015,111,0.0059
BA,0.0015,112,0.0267
BA,0.0015,113,0.0011
BA,0.0015,114,0.0032
BA,0.0015,115,0.001
BA,0.0015,116,0.0033
BA,0.0015,117,0.01
BA,0.0015,118,0.0039
BA,0.0015,119,0.0013
BA,0.0015,120,0.0011
BA,0.0015,121,0.0048
BA,0.0015,122,0.01
BA,0.0015,123,0.0077
BA,0.0015,124,0.0082
BA,0.0015,125,0.0031
BA,0.0015,126,0.001
BA,0.0015,127,0.0253
BA,0.0015,128,0.0097
BA,0.0015,129,0.0013
BA,0.0015,130,0.0217
BA,0.0015,131,0.0019
BA,0.0015,132,0.0052
BA,0.0015,133,0.0013
BA,0.0015,134,0.0056
BA,0.0015,135,0.001
BA,0.0015,136,0.014
BA,0.0015,137,0.0014
BA,0.0015,138,0.0136
BA,0.0015,139,0.0077
BA,0.0015,140,0.0107
BA,0.0015,141,0.0046
BA,0.0015,142,0.0022
BA,0.0015,143,0.0398
BA,0.0015,144,0.01
BA,0.0015,145,0.0234
BA,0.0015,146,0.001
BA,0.0015,147,0.0455
BA,0.0015,148,0.0011
BA,0.0015,149,0.0153
BA,0.0015,150,0.0022
BA,0.0015,151,0.005
BA,0.0015,152,0.0019
BA,0.0015,153,0.001
BA,0.0015,154,0.0094
BA,0.0015,155,0.0097
BA,0.0015,156,0.013
BA,0.0015,157,0.0203
BA,0.0015,158,0.0025
BA,0.0015,159,0.0062
BA,0.0015,160,0.0066
BA,0.0015,161,0.0495
BA,0.0015,162,0.0053
BA,0.0015,163,0.0247
BA,0.0015,164,0.0075
BA,0.0015,165,0.0245
BA,0.0015,166,0.0012
BA,0.0015,167,0.0015
BA,0.0015,168,0.0102
BA,0.0015,169,0.0018
BA,0.0015,170,0.0233
BA,0.0015,171,0.0046
BA,0.0015,172,0.001
BA,0.0015,173,0.0026
BA,0.0015,174,0.0176
BA,0.0015,175,0.0169
BA,0.0015,176,0.0013
BA,0.0015,177,0.0269
BA,0.0015,178,0.0027
BA,0.0015,179,0.0109
BA,0.0015,180,0.0032
BA,0.0015,181,0.0035
BA,0.0015,182,0.0038
BA,0.0015,183,0.0039
BA,0.0015,184,0.0068
BA,0.0015,185,0.001
BA,0.0015,186,0.003
BA,0.0015,187,0.0265
BA,0.0015,188,0.0062
BA,0.0015,189,0.001
BA,0.0015,190,0.0193
BA,0.0015,191,0.0223
BA,0.0015,192,0.0175
BA,0.0015,193,0.0198
BA,0.0015,194,0.0115
BA,0.0015,195,0.0196
BA,0.0015,196,0.0044
BA,0.0015,197,0.001
BA,0.0015,198,0.0125
BA,0.0015,199,0.0015
ER,0.0022,0,0.0042
ER,0.0022,1,0.004
ER,0.0022,2,0.0064
ER,0.0022,3,0.0056
ER,0.0022,4,0.0034
ER,0.0022,5,0.0048
ER,0.0022,6,0.0023
ER,0.0022,7,0.0028
ER,0.0022,8,0.0012
ER,0.0022,9,0.0018
ER,0.0022,10,0.0045
ER,0.0022,11,0.0014
ER,0.0022,12,0.0025
ER,0.0022,13,0.0039
ER,0.0022,14,0.0048
ER,0.0022,15,0.0031
ER,0.0022,16,0.0039
ER,0.0022,17,0.0033
ER,0.0022,18,0.0034
ER,0.0022,19,0.0027
ER,0.0022,20,0.0022
ER,0.0022,21,0.0026
ER,0.0022,22,0.0019
ER,0.0022,23,0.0031
ER,0.0022,24,0.0015
ER,0.0022,25,0.0039
ER,0.0022,26,0.0019
ER,0.0022,27,0.0033
ER,0.0022,28,0.0016
ER,0.0022,29,0.0044
ER,0.0022,30,0.0027
ER,0.0022,31,0.0022
ER,0.0022,32,0.003
ER,0.0022,33,0.0018
ER,0.0022,34,0.0061
ER,0.0022,35,0.0018
ER,0.0022,36,0.0021
ER,0.0022,37,0.0035
ER,0.0022,38,0.0037
ER,0.0022,39,0.0048
ER,0.0022,40,0.0041
ER,0.0022,41,0.0037
ER,0.0022,42,0.0059
ER,0.0022,43,0.0023
ER,0.0022,44,0.0033
ER,0.0022,45,0.0028
ER,0.0022,46,0.0016
ER,0.0022,47,0.0029
ER,0.0022,48,0.0019
ER,0.0022,49,0.0034
ER,0.0022,50,0.0017
ER,0.0022,51,0.0018
ER,0.0022,52,0.0019
ER,0.0022,53,0.0033
ER,0.0022,54,0.0049
ER,0.0022,55,0.0028
ER,0.0022,56,0.0058
ER,0.0022,57,0.0016
ER,0.0022,58,0.0028
ER,0.0022,59,0.0013
ER,0.0022,60,0.0024
ER,0.0022,61,0.0013
ER,0.0022,62,0.0016
ER,0.0022,63,0.0014
ER,0.0022,64,0.0013
ER,0.0022,65,0.0025
ER,0.0022,66,0.0024
ER,0.0022,67,0.0043
ER,0.0022,68,0.0046
ER,0.0022,69,0.0029
ER,0.0022,70,0.0043
ER,0.0022,71,0.0011
ER,0.0022,72,0.0029
ER,0.0022,73,0.0041
ER,0.0022,74,0.0036
ER,0.0022,75,0.0029
ER,0.0022,76,0.0034
ER,0.0022,77,0.0015
ER,0.0022,78,0.0025
ER,0.0022,79,0.0055
ER,0.0022,80,0.0024
ER,0.0022,81,0.0025
ER,0.0022,82,0.0017
ER,0.0022,83,0.0017
ER,0.0022,84,0.0024
ER,0.0022,85,0.0028
ER,0.0022,86,0.0027
ER,0.0022,87,0.0026
ER,0.0022,88,0.0054
ER,0.0022,89,0.0015
ER,0.0022,90,0.0065
ER,0.0022,91,0.0034
ER,0.0022,92,0.0103
ER,0.0022,93,0.0024
ER,0.0022,94,0.0035
ER,0.0022,95,0.0091
ER,0.0022,96,0.0027
ER,0.0022,97,0.005
ER,0.0022,98,0.0021
ER,0.0022,99,0.0021
ER,0.0022,100,0.0082
ER,0.0022,101,0.0021
ER,0.0022,102,0.0045
ER,0.0022,103,0.0039
ER,0.0022,104,0.0043
ER,0.0022,105,0.0037
ER,0.0022,106,0.004
ER,0.0022,107,0.0048
ER,0.0022,108,0.003
ER,0.0022,109,0.0035
ER,0.0022,110,0.001
ER,0.0022,111,0.0039
ER,0.0022,112,0.0034
ER,0.0022,113,0.0084
ER,0.0022,114,0.0022
ER,0.0022,115,0.003
ER,0.0022,116,0.001
ER,0.0022,117,0.0043
ER,0.0022,118,0.001
ER,0.0022,119,0.0095
ER,0.0022,120,0.0054
ER,0.0022,121,0.0013
ER,0.0022,122,0.001
ER,0.0022,123,0.0025
ER,0.0022,124,0.001
ER,0.0022,125,0.0032
ER,0.0022,126,0.0046
ER,0.0022,127,0.0012
ER,0.0022,128,0.0022
ER,0.0022,129,0.002
ER,0.0022,130,0.0052
ER,0.0022,131,0.0021
ER,0.0022,132,0.0057
ER,0.0022,133,0.0034
ER,0.0022,134,0.0013
ER,0.0022,135,0.0031
ER,0.0022,136,0.0028
ER,0.0022,137,0.0047
ER,0.0022,138,0.0045
ER,0.0022,139,0.0052
ER,0.0022,140,0.002
ER,0.0022,141,0.0023
ER,0.0022,142,0.0023
ER,0.0022,143,0.0074
ER,0.0022,144,0.0033
ER,0.0022,145,0.0014
ER,0.0022,146,0.0031
ER,0.0022,147,0.0049
ER,0.0022,148,0.0038
ER,0.0022,149,0.0059
ER,0.0022,150,0.0039
ER,0.0022,151,0.0037
ER,0.0022,152,0.003
ER,0.0022,153,0.0032
ER,0.0022,154,0.0043
ER,0.0022,155,0.0041
ER,0.0022,156,0.0078
ER,0.0022,157,0.003
ER,0.0022,158,0.0034
ER,0.0022,159,0.0029
ER,0.0022,160,0.0074
ER,0.0022,161,0.0025
ER,0.0022,162,0.0033
ER,0.0022,163,0.0032
ER,0.0022,164,0.0012
ER,0.0022,165,0.0023
ER,0.0022,166,0.001
ER,0.0022,167,0.0026
ER,0.0022,168,0.0033
ER,0.0022,169,0.0039
ER,0.0022,170,0.002
ER,0.0022,171,0.0068
ER,0.0022,172,0.0032
ER,0.0022,173,0.0034
ER,0.0022,174,0.002
ER,0.0022,175,0.0031
ER,0.0022,176,0.0017
ER,0.0022,177,0.0037
ER,0.0022,178,0.0046
ER,0.0022,179,0.004
ER,0.0022,180,0.0043
ER,0.0022,181,0.0014
ER,0.0022,182,0.0045
ER,0.0022,183,0.0038
ER,0.0022,184,0.002
ER,0.0022,185,0.0028
ER,0.0022,186,0.0012
ER,0.0022,187,0.0011
ER,0.0022,188,0.0036
ER,0.0022,189,0.0043
ER,0.0022,190,0.0017
ER,0.0022,191,0.0047
ER,0.0022,192,0.0076
ER,0.0022,193,0.0031
ER,0.0022,194,0.0048
ER,0.0022,195,0.0021
ER,0.0022,196,0.0024
ER,0.0022,197,0.0013
ER,0.0022,198,0.0028
ER,0.0022,199,0.0022
BA,0.0022,0,0.0754
BA,0.0022,1,0.0591
BA,0.0022,2,0.0121
BA,0.0022,3,0.0216
BA,0.0022,4,0.0231
BA,0.0022,5,0.0816
BA,0.0022,6,0.0263
BA,0.0022,7,0.0657
BA,0.0022,8,0.0699
BA,0.0022,9,0.0846
BA,0.0022,10,0.0817
BA,0.0022,11,0.0732
BA,0.0022,12,0.0082
BA,0.0022,13,0.0964
BA,0.0022,14,0.005
BA,0.0022,15,0.01
BA,0.0022,16,0.0773
BA,0.0022,17,0.0356
BA,0.0022,18,0.0567
BA,0.0022,19,0.0053
BA,0.0022,20,0.0021
BA,0.0022,21,0.0291
BA,0.0022,22,0.0103
BA,0.0022,23,0.0727
BA,0.0022,24,0.0897
BA,0.0022,25,0.0904
BA,0.0022,26,0.0717
BA,0.0022,27,0.0327
BA,0.0022,28,0.0012
BA,0.0022,29,0.0553
BA,0.0022,30,0.0187
BA,0.0022,31,0.0553
BA,0.0022,32,0.0341
BA,0.0022,33,0.0319
BA,0.0022,34,0.0369
BA,0.0022,35,0.0028
BA,0.0022,36,0.0133
BA,0.0022,37,0.0258
BA,0.0022,38,0.066
BA,0.0022,39,0.062
BA,0.0022,40,0.0012
BA,0.0022,41,0.0268
BA,0.0022,42,0.0026
BA,0.0022,43,0.0781
BA,0.0022,44,0.073
BA,0.0022,45,0.0422
BA,0.0022,46,0.0835
BA,0.0022,47,0.0522
BA,0.0022,48,0.0514
BA,0.0022,49,0.0744
BA,0.0022,50,0.0866
BA,0.0022,51,0.065
BA,0.0022,52,0.0312
BA,0.0022,53,0.0475
BA,0.0022,54,0.0135
BA,0.0022,55,0.0437
BA,0.0022,56,0.0579
BA,0.0022,57,0.0507
BA,0.0022,58,0.07
BA,0.0022,59,0.0229
BA,0.0022,60,0.0575
BA,0.0022,61,0.0573
BA,0.0022,62,0.095
BA,0.0022,63,0.0018
BA,0.0022,64,0.0235
BA,0.0022,65,0.0029
BA,0.0022,66,0.0561
BA,0.0022,67,0.0337
BA,0.0022,68,0.0778
BA,0.0022,69,0.0295
BA,0.0022,70,0.0719
BA,0.0022,71,0.0536
BA,0.0022,72,0.0627
BA,0.0022,73,0.0705
BA,0.0022,74,0.0848
BA,0.0022,75,0.0707
BA,0.0022,76,0.0768
BA,0.0022,77,0.0957
BA,0.0022,78,0.0827
BA,0.0022,79,0.1175
BA,0.0022,80,0.09
BA,0.0022,81,0.0347
BA,0.0022,82,0.0334
BA,0.0022,83,0.0876
BA,0.0022,84,0.0537
BA,0.0022,85,0.0779
BA,0.0022,86,0.028
BA,0.0022,87,0.031
BA,0.0022,88,0.0276
BA,0.0022,89,0.0655
BA,0.0022,90,0.0881
BA,0.0022,91,0.0197
BA,0.0022,92,0.0825
BA,0.0022,93,0.0184
BA,0.0022,94,0.0644
BA,0.0022,95,0.0437
BA,0.0022,96,0.0867
BA,0.0022,97,0.0109
BA,0.0022,98,0.0792
BA,0.0022,99,0.0745
BA,0.0022,100,0.0601
BA,0.0022,101,0.0475
BA,0.0022,102,0.0669
BA,0.0022,103,0.0089
BA,0.0022,104,0.0655
BA,0.0022,105,0.0578
BA,0.0022,106,0.0066
BA,0.0022,107,0.0718
BA,0.0022,108,0.0058
BA,0.0022,109,0.0887
BA,0.0022,110,0.0384
BA,0.0022,111,0.0554
BA,0.0022,112,0.0303
BA,0.0022,113,0.0857
BA,0.0022,114,0.0484
BA,0.0022,115,0.0527
BA,0.0022,116,0.011
BA,0.0022,117,0.0279
BA,0.0022,118,0.0168
BA,0.0022,119,0.066
BA,0.0022,120,0.0598
BA,0.0022,121,0.0643
BA,0.0022,122,0.0724
BA,0.0022,123,0.0488
BA,0.0022,124,0.0412
BA,0.0022,125,0.0297
BA,0.0022,126,0.0277
BA,0.0022,127,0.0932
BA,0.0022,128,0.0696
BA,0.0022,129,0.0524
BA,0.0022,130,0.0811
BA,0.0022,131,0.073
BA,0.0022,132,0.0502
BA,0.0022,133,0.0084
BA,0.0022,134,0.0476
BA,0.0022,135,0.058
BA,0.0022,136,0.0391
BA,0.0022,137,0.0842
BA,0.0022,138,0.0032
BA,0.0022,139,0.0453
BA,0.0022,140,0.0381
BA,0.0022,141,0.0792
BA,0.0022,142,0.0448
BA,0.0022,143,0.1074
BA,0.0022,144,0.0647
BA,0.0022,145,0.0196
BA,0.0022,146,0.0108
BA,0.0022,147,0.0796
BA,0.0022,148,0.0609
BA,0.0022,149,0.0601
BA,0.0022,150,0.0178
BA,0.0022,151,0.0046
BA,0.0022,152,0.0974
BA,0.0022,153,0.001
BA,0.0022,154,0.0184
BA,0.0022,155,0.0506
BA,0.0022,156,0.0843
BA,0.0022,157,0.0111
BA,0.0022,158,0.0276
BA,0.0022,159,0.043
BA,0.0022,160,0.0484
BA,0.0022,161,0.0087
BA,0.0022,162,0.0827
BA,0.0022,163,0.0841
BA,0.0022,164,0.0494
BA,0.0022,165,0.0521
BA,0.0022,166,0.0674
BA,0.0022,167,0.0904
BA,0.0022,168,0.0536
BA,0.0022,169,0.0565
BA,0.0022,170,0.0905
BA,0.0022,171,0.0851
BA,0.0022,172,0.094
BA,0.0022,173,0.064
BA,0.0022,174,0.053
BA,0.0022,175,0.0577
BA,0.0022,176,0.0331
BA,0.0022,177,0.0718
BA,0.0022,178,0.0244
BA,0.0022,179,0.0474
BA,0.0022,180,0.0563
BA,0.0022,181,0.04
BA,0.0022,182,0.0784
BA,0.0022,183,0.0311
BA,0.0022,184,0.048
BA,0.0022,185,0.0771
BA,0.0022,186,0.0756
BA,0.0022,187,0.0681
BA,0.0022,188,0.0664
BA,0.0022,189,0.0869
BA,0.0022,190,0.0362
BA,0.0022,191,0.0517
BA,0.0022,192,0.0439
BA,0.0022,193,0.0479
BA,0.0022,194,0.0265
BA,0.0022,195,0.0738
BA,0.0022,196,0.075
BA,0.0022,197,0.0104
BA,0.0022,198,0.0214
BA,0.0022,199,0.0391
ER,0.0033,0,0.0088
ER,0.0033,1,0.0087
ER,0.0033,2,0.0197
ER,0.0033,3,0.0163
ER,0.0033,4,0.0267
ER,0.0033,5,0.0157
ER,0.0033,6,0.0239
ER,0.0033,7,0.0174
ER,0.0033,8,0.0293
ER,0.0033,9,0.0226
ER,0.0033,10,0.0158
ER,0.0033,11,0.0085
ER,0.0033,12,0.0248
ER,0.0033,13,0.0156
ER,0.0033,14,0.0074
ER,0.0033,15,0.0176
ER,0.0033,16,0.0231
ER,0.0033,17,0.0278
ER,0.0033,18,0.0135
ER,0.0033,19,0.0148
ER,0.0033,20,0.012
ER,0.0033,21,0.009
ER,0.0033,22,0.0113
ER,0.0033,23,0.0213
ER,0.0033,24,0.0191
ER,0.0033,25,0.0159
ER,0.0033,26,0.0165
ER,0.0033,27,0.0161
ER,0.0033,28,0.0174
ER,0.0033,29,0.0133
ER,0.0033,30,0.0165
ER,0.0033,31,0.0128
ER,0.0033,32,0.0103
ER,0.0033,33,0.0154
ER,0.0033,34,0.0283
ER,0.0033,35,0.0106
ER,0.0033,36,0.0081
ER,0.0033,37,0.0274
ER,0.0033,38,0.0124
ER,0.0033,39,0.0052
ER,0.0033,40,0.0128
ER,0.0033,41,0.0312
ER,0.0033,42,0.0317
ER,0.0033,43,0.02
ER,0.0033,44,0.0155
ER,0.0033,45,0.0232
ER,0.0033,46,0.032
ER,0.0033,47,0.0074
ER,0.0033,48,0.0113
ER,0.0033,49,0.0044
ER,0.0033,50,0.0155
ER,0.0033,51,0.0254
ER,0.0033,52,0.0168
ER,0.0033,53,0.0194
ER,0.0033,54,0.0277
ER,0.0033,55,0.0149
ER,0.0033,56,0.0172
ER,0.0033,57,0.0024
ER,0.0033,58,0.0189
ER,0.0033,59,0.0081
ER,0.0033,60,0.045
ER,0.0033,61,0.0179
ER,0.0033,62,0.0184
ER,0.0033,63,0.0116
ER,0.0033,64,0.011
ER,0.0033,65,0.0243
ER,0.0033,66,0.0066
ER,0.0033,67,0.0045
ER,0.0033,68,0.0057
ER,0.0033,69,0.0198
ER,0.0033,70,0.0215
ER,0.0033,71,0.0175
ER,0.0033,72,0.009
ER,0.0033,73,0.0201
ER,0.0033,74,0.0159
ER,0.0033,75,0.0111
ER,0.0033,76,0.0242
ER,0.0033,77,0.0123
ER,0.0033,78,0.0151
ER,0.0033,79,0.0083
ER,0.0033,80,0.0179
ER,0.0033,81,0.0072
ER,0.0033,82,0.0205
ER,0.0033,83,0.0161
ER,0.0033,84,0.0255
ER,0.0033,85,0.0074
ER,0.0033,86,0.0206
ER,0.0033,87,0.0335
ER,0.0033,88,0.0204
ER,0.0033,89,0.0144
ER,0.0033,90,0.0106
ER,0.0033,91,0.0158
ER,0.0033,92,0.0369
ER,0.0033,93,0.0134
ER,0.0033,94,0.0093
ER,0.0033,95,0.008
ER,0.0033,96,0.0141
ER,0.0033,97,0.0164
ER,0.0033,98,0.0216
ER,0.0033,99,0.0252
ER,0.0033,100,0.0145
ER,0.0033,101,0.008
ER,0.0033,102,0.0139
ER,0.0033,103,0.0079
ER,0.0033,104,0.0244
ER,0.0033,105,0.0102
ER,0.0033,106,0.0114
ER,0.0033,107,0.0076
ER,0.0033,108,0.0054
ER,0.0033,109,0.0308
ER,0.0033,110,0.0236
ER,0.0033,111,0.0129
ER,0.0033,112,0.0067
ER,0.0033,113,0.0114
ER,0.0033,114,0.0266
ER,0.0033,115,0.0182
ER,0.0033,116,0.0282
ER,0.0033,117,0.0159
ER,0.0033,118,0.0152
ER,0.0033,119,0.0165
ER,0.0033,120,0.0202
ER,0.0033,121,0.0015
ER,0.0033,122,0.024
ER,0.0033,123,0.0219
ER,0.0033,124,0.011
ER,0.0033,125,0.0096
ER,0.0033,126,0.0207
ER,0.0033,127,0.0214
ER,0.0033,128,0.0212
ER,0.0033,129,0.022
ER,0.0033,130,0.0125
ER,0.0033,131,0.0315
ER,0.0033,132,0.0135
ER,0.0033,133,0.0053
ER,0.0033,134,0.0137
ER,0.0033,135,0.0126
ER,0.0033,136,0.0114
ER,0.0033,137,0.0196
ER,0.0033,138,0.0156
ER,0.0033,139,0.0112
ER,0.0033,140,0.0154
ER,0.0033,141,0.0105
ER,0.0033,142,0.0146
ER,0.0033,143,0.0198
ER,0.0033,144,0.0326
ER,0.0033,145,0.0088
ER,0.0033,146,0.0112
ER,0.0033,147,0.0097
ER,0.0033,148,0.0103
ER,0.0033,149,0.0035
ER,0.0033,150,0.0204
ER,0.0033,151,0.0231
ER,0.0033,152,0.0095
ER,0.0033,153,0.015
ER,0.0033,154,0.0338
ER,0.0033,155,0.0274
ER,0.0033,156,0.0194
ER,0.0033,157,0.0102
ER,0.0033,158,0.0123
ER,0.0033,159,0.0083
ER,0.0033,160,0.0102
ER,0.0033,161,0.0114
ER,0.0033,162,0.0262
ER,0.0033,163,0.0109
ER,0.0033,164,0.0164
ER,0.0033,165,0.0115
ER,0.0033,166,0.0114
ER,0.0033,167,0.0046
ER,0.0033,168,0.0167
ER,0.0033,169,0.0207
ER,0.0033,170,0.0086
ER,0.0033,171,0.0161
ER,0.0033,172,0.0028
ER,0.0033,173,0.0092
ER,0.0033,174,0.0268
ER,0.0033,175,0.0114
ER,0.0033,176,0.0279
ER,0.0033,177,0.0047
ER,0.0033,178,0.0185
ER,0.0033,179,0.0192
ER,0.0033,180,0.0146
ER,0.0033,181,0.0076
ER,0.0033,182,0.0039
ER,0.0033,183,0.0244
ER,0.0033,184,0.0171
ER,0.0033,185,0.0169
ER,0.0033,186,0.0231
ER,0.0033,187,0.0153
ER,0.0033,188,0.0265
ER,0.0033,189,0.0131
ER,0.0033,190,0.0134
ER,0.0033,191,0.0116
ER,0.0033,192,0.0197
ER,0.0033,193,0.0177
ER,0.0033,194,0.013
ER,0.0033,195,0.0069
ER,0.0033,196,0.015
ER,0.0033,197,0.0058
ER,0.0033,198,0.0126
ER,0.0033,199,0.0076
BA,0.0033,0,0.1848
BA,0.0033,1,0.1846
BA,0.0033,2,0.1802
BA,0.0033,3,0.1932
BA,0.0033,4,0.2013
BA,0.0033,5,0.0912
BA,0.0033,6,0.1944
BA,0.0033,7,0.1707
BA,0.0033,8,0.1795
BA,0.0033,9,0.1834
BA,0.0033,10,0.1859
BA,0.0033,11,0.1949
BA,0.0033,12,0.1881
BA,0.0033,13,0.1801
BA,0.0033,14,0.1865
BA,0.0033,15,0.1898
BA,0.0033,16,0.2
BA,0.0033,17,0.1634
BA,0.0033,18,0.1764
BA,0.0033,19,0.1545
BA,0.0033,20,0.1935
BA,0.0033,21,0.1627
BA,0.0033,22,0.0715
BA,0.0033,23,0.1629
BA,0.0033,24,0.1193
BA,0.0033,25,0.1903
BA,0.0033,26,0.1913
BA,0.0033,27,0.1361
BA,0.0033,28,0.1601
BA,0.0033,29,0.1742
BA,0.0033,30,0.1607
BA,0.0033,31,0.1722
BA,0.0033,32,0.1579
BA,0.0033,33,0.1334
BA,0.0033,34,0.2015
BA,0.0033,35,0.1703
BA,0.0033,36,0.1311
BA,0.0033,37,0.184
BA,0.0033,38,0.0444
BA,0.0033,39,0.1435
BA,0.0033,40,0.1837
BA,0.0033,41,0.1832
BA,0.0033,42,0.1906
BA,0.0033,43,0.1922
BA,0.0033,44,0.1607
BA,0.0033,45,0.1522
BA,0.0033,46,0.1544
BA,0.0033,47,0.1833
BA,0.0033,48,0.1788
BA,0.0033,49,0.057
BA,0.0033,50,0.178
BA,0.0033,51,0.1795
BA,0.0033,52,0.1893
BA,0.0033,53,0.1545
BA,0.0033,54,0.1973
BA,0.0033,55,0.0098
BA,0.0033,56,0.0827
BA,0.0033,57,0.1833
BA,0.0033,58,0.1781
BA,0.0033,59,0.1454
BA,0.0033,60,0.1912
BA,0.0033,61,0.1983
BA,0.0033,62,0.1255
BA,0.0033,63,0.1892
BA,0.0033,64,0.144
BA,0.0033,65,0.1472
BA,0.0033,66,0.1595
BA,0.0033,67,0.194
BA,0.0033,68,0.1583
BA,0.0033,69,0.1747
BA,0.0033,70,0.16
BA,0.0033,71,0.1732
BA,0.0033,72,0.1872
BA,0.0033,73,0.178
BA,0.0033,74,0.1934
BA,0.0033,75,0.1594
BA,0.0033,76,0.0092
BA,0.0033,77,0.1558
BA,0.0033,78,0.1256
BA,0.0033,79,0.1974
BA,0.0033,80,0.1625
BA,0.0033,81,0.2026
BA,0.0033,82,0.21
BA,0.0033,83,0.1823
BA,0.0033,84,0.1766
BA,0.0033,85,0.1809
BA,0.0033,86,0.1954
BA,0.0033,87,0.1626
BA,0.0033,88,0.1289
BA,0.0033,89,0.0759
BA,0.0033,90,0.1684
BA,0.0033,91,0.1939
BA,0.0033,92,0.1849
BA,0.0033,93,0.1888
BA,0.0033,94,0.1793
BA,0.0033,95,0.1758
BA,0.0033,96,0.1657
BA,0.0033,97,0.2022
BA,0.0033,98,0.1762
BA,0.0033,99,0.1842
BA,0.0033,100,0.1657
BA,0.0033,101,0.1872
BA,0.0033,102,0.1766
BA,0.0033,103,0.1823
BA,0.0033,104,0.156
BA,0.0033,105,0.1667
BA,0.0033,106,0.19
BA,0.0033,107,0.2022
BA,0.0033,108,0.0656
BA,0.0033,109,0.1982
BA,0.0033,110,0.1922
BA,0.0033,111,0.1476
BA,0.0033,112,0.193
BA,0.0033,113,0.1927
BA,0.0033,114,0.1904
BA,0.0033,115,0.1693
BA,0.0033,116,0.1587
BA,0.0033,117,0.1949
BA,0.0033,118,0.183
BA,0.0033,119,0.0858
BA,0.0033,120,0.1961
BA,0.0033,121,0.191
BA,0.0033,122,0.1817
BA,0.0033,123,0.1802
BA,0.0033,124,0.1754
BA,0.0033,125,0.202
BA,0.0033,126,0.1985
BA,0.0033,127,0.1532
BA,0.0033,128,0.2021
BA,0.0033,129,0.161
BA,0.0033,130,0.1797
BA,0.0033,131,0.1994
BA,0.0033,132,0.182
BA,0.0033,133,0.1636
BA,0.0033,134,0.1763
BA,0.0033,135,0.1707
BA,0.0033,136,0.1864
BA,0.0033,137,0.174
BA,0.0033,138,0.1279
BA,0.0033,139,0.1737
BA,0.0033,140,0.1381
BA,0.0033,141,0.1587
BA,0.0033,142,0.1679
BA,0.0033,143,0.1907
BA,0.0033,144,0.1846
BA,0.0033,145,0.1768
BA,0.0033,146,0.178
BA,0.0033,147,0.1945
BA,0.0033,148,0.1531
BA,0.0033,149,0.1732
BA,0.0033,150,0.1933
BA,0.0033,151,0.1816
BA,0.0033,152,0.1681
BA,0.0033,153,0.1933
BA,0.0033,154,0.1738
BA,0.0033,155,0.113
BA,0.0033,156,0.1864
BA,0.0033,157,0.1243
BA,0.0033,158,0.1788
BA,0.0033,159,0.1778
BA,0.0033,160,0.1498
BA,0.0033,161,0.1316
BA,0.0033,162,0.1803
BA,0.0033,163,0.2063
BA,0.0033,164,0.0084
BA,0.0033,165,0.1914
BA,0.0033,166,0.1646
BA,0.0033,167,0.1855
BA,0.0033,168,0.1603
BA,0.0033,169,0.1805
BA,0.0033,170,0.1878
BA,0.0033,171,0.1754
BA,0.0033,172,0.1846
BA,0.0033,173,0.1839
BA,0.0033,174,0.1759
BA,0.0033,175,0.1885
BA,0.0033,176,0.1492
BA,0.0033,177,0.1441
BA,0.0033,178,0.1701
BA,0.0033,179,0.187
BA,0.0033,180,0.1884
BA,0.0033,181,0.1361
BA,0.0033,182,0.1891
BA,0.0033,183,0.1861
BA,0.0033,184,0.1944
BA,0.0033,185,0.1787
BA,0.0033,186,0.1754
BA,0.0033,187,0.204
BA,0.0033,188,0.1699
BA,0.0033,189,0.1474
BA,0.0033,190,0.1653
BA,0.0033,191,0.1806
BA,0.0033,192,0.0989
BA,0.0033,193,0.1928
BA,0.0033,194,0.1543
BA,0.0033,195,0.1862
BA,0.0033,196,0.03
BA,0.0033,197,0.1816
BA,0.0033,198,0.1867
BA,0.0033,199,0.1825
ER,0.005,0,0.1798
ER,0.005,1,0.1878
ER,0.005,2,0.2036
ER,0.005,3,0.1425
ER,0.005,4,0.1754
ER,0.005,5,0.1674
ER,0.005,6,0.1168
ER,0.005,7,0.1472
ER,0.005,8,0.2085
ER,0.005,9,0.1477
ER,0.005,10,0.1126
ER,0.005,11,0.1883
ER,0.005,12,0.1725
ER,0.005,13,0.1001
ER,0.005,14,0.0928
ER,0.005,15,0.109
ER,0.005,16,0.1826
ER,0.005,17,0.174
ER,0.005,18,0.1199
ER,0.005,19,0.1817
ER,0.005,20,0.0731
ER,0.005,21,0.2173
ER,0.005,22,0.1831
ER,0.005,23,0.1792
ER,0.005,24,0.1346
ER,0.005,25,0.0594
ER,0.005,26,0.1794
ER,0.005,27,0.1631
ER,0.005,28,0.2071
ER,0.005,29,0.1096
ER,0.005,30,0.1148
ER,0.005,31,0.1396
ER,0.005,32,0.1073
ER,0.005,33,0.2479
ER,0.005,34,0.1656
ER,0.005,35,0.1379
ER,0.005,36,0.2056
ER,0.005,37,0.2038
ER,0.005,38,0.1297
ER,0.005,39,0.1336
ER,0.005,40,0.1084
ER,0.005,41,0.1475
ER,0.005,42,0.1998
ER,0.005,43,0.085
ER,0.005,44,0.1351
ER,0.005,45,0.1788
ER,0.005,46,0.138
ER,0.005,47,0.1362
ER,0.005,48,0.0961
ER,0.005,49,0.2205
ER,0.005,50,0.2022
ER,0.005,51,0.1417
ER,0.005,52,0.1324
ER,0.005,53,0.1538
ER,0.005,54,0.1353
ER,0.005,55,0.1382
ER,0.005,56,0.0809
ER,0.005,57,0.1708
ER,0.005,58,0.1506
ER,0.005,59,0.2049
ER,0.005,60,0.1137
ER,0.005,61,0.1638
ER,0.005,62,0.1775
ER,0.005,63,0.1948
ER,0.005,64,0.1427
ER,0.005,65,0.0542
ER,0.005,66,0.1595
ER,0.005,67,0.1476
ER,0.005,68,0.1889
ER,0.005,69,0.2167
ER,0.005,70,0.1394
ER,0.005,71,0.2002
ER,0.005,72,0.0617
ER,0.005,73,0.2142
ER,0.005,74,0.1582
ER,0.005,75,0.2117
ER,0.005,76,0.1219
ER,0.005,77,0.2038
ER,0.005,78,0.1315
ER,0.005,79,0.1446
ER,0.005,80,0.1099
ER,0.005,81,0.1615
ER,0.005,82,0.1903
ER,0.005,83,0.0899
ER,0.005,84,0.0907
ER,0.005,85,0.1951
ER,0.005,86,0.2134
ER,0.005,87,0.1682
ER,0.005,88,0.1665
ER,0.005,89,0.1375
ER,0.005,90,0.2024
ER,0.005,91,0.081
ER,0.005,92,0.2101
ER,0.005,93,0.1967
ER,0.005,94,0.1217
ER,0.005,95,0.1519
ER,0.005,96,0.1305
ER,0.005,97,0.1349
ER,0.005,98,0.1234
ER,0.005,99,0.114
ER,0.005,100,0.1355
ER,0.005,101,0.2176
ER,0.005,102,0.1303
ER,0.005,103,0.0776
ER,0.005,104,0.1198
ER,0.005,105,0.1608
ER,0.005,106,0.1007
ER,0.005,107,0.1853
ER,0.005,108,0.1142
ER,0.005,109,0.1817
ER,0.005,110,0.1427
ER,0.005,111,0.0996
ER,0.005,112,0.052
ER,0.005,113,0.1948
ER,0.005,114,0.1933
ER,0.005,115,0.1382
ER,0.005,116,0.1815
ER,0.005,117,0.1212
ER,0.005,118,0.1597
ER,0.005,119,0.1372
ER,0.005,120,0.111
ER,0.005,121,0.1554
ER,0.005,122,0.15
ER,0.005,123,0.2091
ER,0.005,124,0.1571
ER,0.005,125,0.1896
ER,0.005,126,0.1537
ER,0.005,127,0.214
ER,0.005,128,0.156
ER,0.005,129,0.152
ER,0.005,130,0.1682
ER,0.005,131,0.1853
ER,0.005,132,0.1725
ER,0.005,133,0.2198
ER,0.005,134,0.1295
ER,0.005,135,0.1596
ER,0.005,136,0.1027
ER,0.005,137,0.1705
ER,0.005,138,0.1286
ER,0.005,139,0.1033
ER,0.005,140,0.2118
ER,0.005,141,0.1336
ER,0.005,142,0.1416
ER,0.005,143,0.051
ER,0.005,144,0.1642
ER,0.005,145,0.1391
ER,0.005,146,0.1097
ER,0.005,147,0.0851
ER,0.005,148,0.113
ER,0.005,149,0.1737
ER,0.005,150,0.1001
ER,0.005,151,0.1619
ER,0.005,152,0.1535
ER,0.005,153,0.2046
ER,0.005,154,0.1488
ER,0.005,155,0.2167
ER,0.005,156,0.1638
ER,0.005,157,0.1767
ER,0.005,158,0.1152
ER,0.005,159,0.1217
ER,0.005,160,0.036
ER,0.005,161,0.1412
ER,0.005,162,0.1228
ER,0.005,163,0.1853
ER,0.005,164,0.1678
ER,0.005,165,0.0881
ER,0.005,166,0.1964
ER,0.005,167,0.1283
ER,0.005,168,0.1934
ER,0.005,169,0.165
ER,0.005,170,0.123
ER,0.005,171,0.1594
ER,0.005,172,0.139
ER,0.005,173,0.0697
ER,0.005,174,0.1361
ER,0.005,175,0.176
ER,0.005,176,0.1186
ER,0.005,177,0.0647
ER,0.005,178,0.2171
ER,0.005,179,0.1933
ER,0.005,180,0.1572
ER,0.005,181,0.1671
ER,0.005,182,0.089
ER,0.005,183,0.1706
ER,0.005,184,0.0967
ER,0.005,185,0.1438
ER,0.005,186,0.1328
ER,0.005,187,0.1384
ER,0.005,188,0.1253
ER,0.005,189,0.2018
ER,0.005,190,0.1246
ER,0.005,191,0.0862
ER,0.005,192,0.139
ER,0.005,193,0.2002
ER,0.005,194,0.0965
ER,0.005,195,0.1909
ER,0.005,196,0.0879
ER,0.005,197,0.1115
ER,0.005,198,0.1654
ER,0.005,199,0.1246
BA,0.005,0,0.2823
BA,0.005,1,0.2886
BA,0.005,2,0.2751
BA,0.005,3,0.3023
BA,0.005,4,0.287
BA,0.005,5,0.2808
BA,0.005,6,0.284
BA,0.005,7,0.2774
BA,0.005,8,0.2947
BA,0.005,9,0.2778
BA,0.005,10,0.2816
BA,0.005,11,0.2723
BA,0.005,12,0.2787
BA,0.005,13,0.272
BA,0.005,14,0.2781
BA,0.005,15,0.2725
BA,0.005,16,0.282
BA,0.005,17,0.2743
BA,0.005,18,0.283
BA,0.005,19,0.2804
BA,0.005,20,0.2809
BA,0.005,21,0.282
BA,0.005,22,0.2783
BA,0.005,23,0.2783
BA,0.005,24,0.2764
BA,0.005,25,0.2826
BA,0.005,26,0.2782
BA,0.005,27,0.2864
BA,0.005,28,0.2961
BA,0.005,29,0.2872
BA,0.005,30,0.2861
BA,0.005,31,0.2854
BA,0.005,32,0.2754
BA,0.005,33,0.2885
BA,0.005,34,0.2782
BA,0.005,35,0.2872
BA,0.005,36,0.2657
BA,0.005,37,0.2976
BA,0.005,38,0.2713
BA,0.005,39,0.2718
BA,0.005,40,0.2731
BA,0.005,41,0.2761
BA,0.005,42,0.2666
BA,0.005,43,0.2763
BA,0.005,44,0.2861
BA,0.005,45,0.2782
BA,0.005,46,0.2753
BA,0.005,47,0.2853
BA,0.005,48,0.2699
BA,0.005,49,0.2754
BA,0.005,50,0.2866
BA,0.005,51,0.2784
BA,0.005,52,0.274
BA,0.005,53,0.2766
BA,0.005,54,0.2831
BA,0.005,55,0.2802
BA,0.005,56,0.2899
BA,0.005,57,0.2816
BA,0.005,58,0.2834
BA,0.005,59,0.2765
BA,0.005,60,0.2806
BA,0.005,61,0.2821
BA,0.005,62,0.2803
BA,0.005,63,0.2837
BA,0.005,64,0.2771
BA,0.005,65,0.2848
BA,0.005,66,0.275
BA,0.005,67,0.2866
BA,0.005,68,0.2885
BA,0.005,69,0.2847
BA,0.005,70,0.2799
BA,0.005,71,0.268
BA,0.005,72,0.2872
BA,0.005,73,0.2799
BA,0.005,74,0.2827
BA,0.005,75,0.2823
BA,0.005,76,0.2826
BA,0.005,77,0.2881
BA,0.005,78,0.2822
BA,0.005,79,0.2735
BA,0.005,80,0.2777
BA,0.005,81,0.2752
BA,0.005,82,0.2717
BA,0.005,83,0.2768
BA,0.005,84,0.2782
BA,0.005,85,0.2737
BA,0.005,86,0.2748
BA,0.005,87,0.2977
BA,0.005,88,0.2803
BA,0.005,89,0.2905
BA,0.005,90,0.2735
BA,0.005,91,0.2902
BA,0.005,92,0.2769
BA,0.005,93,0.2753
BA,0.005,94,0.2808
BA,0.005,95,0.2854
BA,0.005,96,0.277
BA,0.005,97,0.2707
BA,0.005,98,0.282
BA,0.005,99,0.277
BA,0.005,100,0.2918
BA,0.005,101,0.2876
BA,0.005,102,0.27
BA,0.005,103,0.2696
BA,0.005,104,0.2881
BA,0.005,105,0.2775
BA,0.005,106,0.2913
BA,0.005,107,0.2761
BA,0.005,108,0.279
BA,0.005,109,0.2791
BA,0.005,110,0.2828
BA,0.005,111,0.28
BA,0.005,112,0.2957
BA,0.005,113,0.2774
BA,0.005,114,0.2804
BA,0.005,115,0.2927
BA,0.005,116,0.2764
BA,0.005,117,0.2903
BA,0.005,118,0.273
BA,0.005,119,0.2766
BA,0.005,120,0.2799
BA,0.005,121,0.285
BA,0.005,122,0.2779
BA,0.005,123,0.2762
BA,0.005,124,0.2775
BA,0.005,125,0.2813
BA,0.005,126,0.2836
BA,0.005,127,0.2793
BA,0.005,128,0.2763
BA,0.005,129,0.278
BA,0.005,130,0.2863
BA,0.005,131,0.2777
BA,0.005,132,0.2988
BA,0.005,133,0.2704
BA,0.005,134,0.2955
BA,0.005,135,0.2863
BA,0.005,136,0.2905
BA,0.005,137,0.2797
BA,0.005,138,0.2857
BA,0.005,139,0.283
BA,0.005,140,0.2898
BA,0.005,141,0.2781
BA,0.005,142,0.2736
BA,0.005,143,0.2861
BA,0.005,144,0.2841
BA,0.005,145,0.2739
BA,0.005,146,0.2749
BA,0.005,147,0.2799
BA,0.005,148,0.2795
BA,0.005,149,0.2778
BA,0.005,150,0.2713
BA,0.005,151,0.2811
BA,0.005,152,0.2771
BA,0.005,153,0.2813
BA,0.005,154,0.274
BA,0.005,155,0.2746
BA,0.005,156,0.2836
BA,0.005,157,0.268
BA,0.005,158,0.2904
BA,0.005,159,0.2824
BA,0.005,160,0.2873
BA,0.005,161,0.2777
BA,0.005,162,0.2772
BA,0.005,163,0.2833
BA,0.005,164,0.2697
BA,0.005,165,0.2773
BA,0.005,166,0.2845
BA,0.005,167,0.2782
BA,0.005,168,0.2959
BA,0.005,169,0.2876
BA,0.005,170,0.2762
BA,0.005,171,0.2766
BA,0.005,172,0.2845
BA,0.005,173,0.2798
BA,0.005,174,0.2867
BA,0.005,175,0.2861
BA,0.005,176,0.2762
BA,0.005,177,0.2846
BA,0.005,178,0.2786
BA,0.005,179,0.2874
BA,0.005,180,0.2778
BA,0.005,181,0.2822
BA,0.005,182,0.2784
BA,0.005,183,0.2693
BA,0.005,184,0.2808
BA,0.005,185,0.2821
BA,0.005,186,0.2754
BA,0.005,187,0.2653
BA,0.005,188,0.277
BA,0.005,189,0.2942
BA,0.005,190,0.2853
BA,0.005,191,0.2794
BA,0.005,192,0.2773
BA,0.005,193,0.2832
BA,0.005,194,0.2878
BA,0.005,195,0.2815
BA,0.005,196,0.2753
BA,0.005,197,0.2797
BA,0.005,198,0.2761
BA,0.005,199,0.2819
ER,0.0075,0,0.3844
ER,0.0075,1,0.3664
ER,0.0075,2,0.3856
ER,0.0075,3,0.3767
ER,0.0075,4,0.3869
ER,0.0075,5,0.3851
ER,0.0075,6,0.3765
ER,0.0075,7,0.3913
ER,0.0075,8,0.3743
ER,0.0075,9,0.3853
ER,0.0075,10,0.3831
ER,0.0075,11,0.3854
ER,0.0075,12,0.3817
ER,0.0075,13,0.3982
ER,0.0075,14,0.3886
ER,0.0075,15,0.3928
ER,0.0075,16,0.3788
ER,0.0075,17,0.384
ER,0.0075,18,0.3802
ER,0.0075,19,0.3782
ER,0.0075,20,0.3799
ER,0.0075,21,0.3852
ER,0.0075,22,0.3961
ER,0.0075,23,0.3829
ER,0.0075,24,0.3745
ER,0.0075,25,0.3881
ER,0.0075,26,0.3727
ER,0.0075,27,0.3733
ER,0.0075,28,0.3793
ER,0.0075,29,0.3846
ER,0.0075,30,0.3844
ER,0.0075,31,0.3824
ER,0.0075,32,0.3743
ER,0.0075,33,0.389
ER,0.0075,34,0.3999
ER,0.0075,35,0.3804
ER,0.0075,36,0.3775
ER,0.0075,37,0.3875
ER,0.0075,38,0.3747
ER,0.0075,39,0.3815
ER,0.0075,40,0.3856
ER,0.0075,41,0.3868
ER,0.0075,42,0.3949
ER,0.0075,43,0.3962
ER,0.0075,44,0.387
ER,0.0075,45,0.375
ER,0.0075,46,0.3848
ER,0.0075,47,0.3905
ER,0.0075,48,0.3823
ER,0.0075,49,0.3926
ER,0.0075,50,0.3797
ER,0.0075,51,0.391
ER,0.0075,52,0.3792
ER,0.0075,53,0.3918
ER,0.0075,54,0.379
ER,0.0075,55,0.3864
ER,0.0075,56,0.391
ER,0.0075,57,0.3806
ER,0.0075,58,0.3796
ER,0.0075,59,0.3879
ER,0.0075,60,0.3771
ER,0.0075,61,0.3869
ER,0.0075,62,0.3692
ER,0.0075,63,0.3905
ER,0.0075,64,0.3838
ER,0.0075,65,0.3738
ER,0.0075,66,0.387
ER,0.0075,67,0.3836
ER,0.0075,68,0.3886
ER,0.0075,69,0.3829
ER,0.0075,70,0.3747
ER,0.0075,71,0.3702
ER,0.0075,72,0.3873
ER,0.0075,73,0.387
ER,0.0075,74,0.3792
ER,0.0075,75,0.383
ER,0.0075,76,0.3777
ER,0.0075,77,0.377
ER,0.0075,78,0.3827
ER,0.0075,79,0.3822
ER,0.0075,80,0.3821
ER,0.0075,81,0.3883
ER,0.0075,82,0.3865
ER,0.0075,83,0.3896
ER,0.0075,84,0.3758
ER,0.0075,85,0.3856
ER,0.0075,86,0.3973
ER,0.0075,87,0.3932
ER,0.0075,88,0.3861
ER,0.0075,89,0.391
ER,0.0075,90,0.3742
ER,0.0075,91,0.3785
ER,0.0075,92,0.3902
ER,0.0075,93,0.3759
ER,0.0075,94,0.3842
ER,0.0075,95,0.3889
ER,0.0075,96,0.3888
ER,0.0075,97,0.3889
ER,0.0075,98,0.3816
ER,0.0075,99,0.39
ER,0.0075,100,0.3784
ER,0.0075,101,0.3869
ER,0.0075,102,0.3935
ER,0.0075,103,0.3845
ER,0.0075,104,0.3851
ER,0.0075,105,0.3901
ER,0.0075,106,0.3874
ER,0.0075,107,0.3953
ER,0.0075,108,0.3786
ER,0.0075,109,0.3806
ER,0.0075,110,0.3869
ER,0.0075,111,0.383
ER,0.0075,112,0.3871
ER,0.0075,113,0.3925
ER,0.0075,114,0.378
ER,0.0075,115,0.3718
ER,0.0075,116,0.3831
ER,0.0075,117,0.3866
ER,0.0075,118,0.3909
ER,0.0075,119,0.3887
ER,0.0075,120,0.3736
ER,0.0075,121,0.3916
ER,0.0075,122,0.3842
ER,0.0075,123,0.394
ER,0.0075,124,0.3739
ER,0.0075,125,0.3844
ER,0.0075,126,0.407
ER,0.0075,127,0.3756
ER,0.0075,128,0.3806
ER,0.0075,129,0.3776
ER,0.0075,130,0.3751
ER,0.0075,131,0.3746
ER,0.0075,132,0.3879
ER,0.0075,133,0.3809
ER,0.0075,134,0.3884
ER,0.0075,135,0.3801
ER,0.0075,136,0.3864
ER,0.0075,137,0.3859
ER,0.0075,138,0.3859
ER,0.0075,139,0.3885
ER,0.0075,140,0.3852
ER,0.0075,141,0.3881
ER,0.0075,142,0.3736
ER,0.0075,143,0.3902
ER,0.0075,144,0.3958
ER,0.0075,145,0.3796
ER,0.0075,146,0.3774
ER,0.0075,147,0.3755
ER,0.0075,148,0.3737
ER,0.0075,149,0.3904
ER,0.0075,150,0.3836
ER,0.0075,151,0.3954
ER,0.0075,152,0.3892
ER,0.0075,153,0.3865
ER,0.0075,154,0.3824
ER,0.0075,155,0.3873
ER,0.0075,156,0.3923
ER,0.0075,157,0.3915
ER,0.0075,158,0.3802
ER,0.0075,159,0.3885
ER,0.0075,160,0.3841
ER,0.0075,161,0.392
ER,0.0075,162,0.387
ER,0.0075,163,0.3855
ER,0.0075,164,0.3846
ER,0.0075,165,0.3846
ER,0.0075,166,0.3882
ER,0.0075,167,0.3815
ER,0.0075,168,0.3803
ER,0.0075,169,0.3866
ER,0.0075,170,0.3878
ER,0.0075,171,0.3863
ER,0.0075,172,0.3907
ER,0.0075,173,0.3839
ER,0.0075,174,0.3859
ER,0.0075,175,0.3845
ER,0.0075,176,0.3925
ER,0.0075,177,0.3873
ER,0.0075,178,0.3928
ER,0.0075,179,0.3908
ER,0.0075,180,0.3854
ER,0.0075,181,0.3928
ER,0.0075,182,0.3844
ER,0.0075,183,0.3779
ER,0.0075,184,0.3799
ER,0.0075,185,0.3863
ER,0.0075,186,0.3816
ER,0.0075,187,0.3923
ER,0.0075,188,0.3775
ER,0.0075,189,0.3818
ER,0.0075,190,0.3832
ER,0.0075,191,0.3764
ER,0.0075,192,0.3839
ER,0.0075,193,0.3917
ER,0.0075,194,0.3838
ER,0.0075,195,0.3904
ER,0.0075,196,0.3911
ER,0.0075,197,0.3839
ER,0.0075,198,0.3883
ER,0.0075,199,0.3697
BA,0.0075,0,0.3745
BA,0.0075,1,0.392
BA,0.0075,2,0.374
BA,0.0075,3,0.3626
BA,0.0075,4,0.3966
BA,0.0075,5,0.3839
BA,0.0075,6,0.3805
BA,0.0075,7,0.3799
BA,0.0075,8,0.3915
BA,0.0075,9,0.3691
BA,0.0075,10,0.382
BA,0.0075,11,0.3827
BA,0.0075,12,0.3913
BA,0.0075,13,0.38
BA,0.0075,14,0.3846
BA,0.0075,15,0.3809
BA,0.0075,16,0.388
BA,0.0075,17,0.3891
BA,0.0075,18,0.3907
BA,0.0075,19,0.3696
BA,0.0075,20,0.3848
BA,0.0075,21,0.381
BA,0.0075,22,0.3805
BA,0.0075,23,0.3885
BA,0.0075,24,0.392
BA,0.0075,25,0.3644
BA,0.0075,26,0.3754
BA,0.0075,27,0.3925
BA,0.0075,28,0.3774
BA,0.0075,29,0.3823
BA,0.0075,30,0.3701
BA,0.0075,31,0.3869
BA,0.0075,32,0.3916
BA,0.0075,33,0.3874
BA,0.0075,34,0.3852
BA,0.0075,35,0.3872
BA,0.0075,36,0.3743
BA,0.0075,37,0.3778
BA,0.0075,38,0.38
BA,0.0075,39,0.3716
BA,0.0075,40,0.3843
BA,0.0075,41,0.3814
BA,0.0075,42,0.3649
BA,0.0075,43,0.3779
BA,0.0075,44,0.3769
BA,0.0075,45,0.3721
BA,0.0075,46,0.386
BA,0.0075,47,0.4072
BA,0.0075,48,0.3837
BA,0.0075,49,0.3805
BA,0.0075,50,0.3879
BA,0.0075,51,0.3722
BA,0.0075,52,0.3745
BA,0.0075,53,0.3825
BA,0.0075,54,0.3891
BA,0.0075,55,0.3858
BA,0.0075,56,0.3777
BA,0.0075,57,0.3906
BA,0.0075,58,0.3712
BA,0.0075,59,0.3942
BA,0.0075,60,0.3832
BA,0.0075,61,0.3786
BA,0.0075,62,0.384
BA,0.0075,63,0.3996
BA,0.0075,64,0.3825
BA,0.0075,65,0.3651
BA,0.0075,66,0.3756
BA,0.0075,67,0.3848
BA,0.0075,68,0.3845
BA,0.0075,69,0.3824
BA,0.0075,70,0.3738
BA,0.0075,71,0.3707
BA,0.0075,72,0.3865
BA,0.0075,73,0.3823
BA,0.0075,74,0.3701
BA,0.0075,75,0.3863
BA,0.0075,76,0.3818
BA,0.0075,77,0.3771
BA,0.0075,78,0.382
BA,0.0075,79,0.3914
BA,0.0075,80,0.3695
BA,0.0075,81,0.3821
BA,0.0075,82,0.3936
BA,0.0075,83,0.3824
BA,0.0075,84,0.3873
BA,0.0075,85,0.3815
BA,0.0075,86,0.3749
BA,0.0075,87,0.3884
BA,0.0075,88,0.3775
BA,0.0075,89,0.3812
BA,0.0075,90,0.3756
BA,0.0075,91,0.3768
BA,0.0075,92,0.3757
BA,0.0075,93,0.3785
BA,0.0075,94,0.3719
BA,0.0075,95,0.3836
BA,0.0075,96,0.3866
BA,0.0075,97,0.3905
BA,0.0075,98,0.3854
BA,0.0075,99,0.3749
BA,0.0075,100,0.3734
BA,0.0075,101,0.3731
BA,0.0075,102,0.384
BA,0.0075,103,0.3653
BA,0.0075,104,0.3739
BA,0.0075,105,0.3918
BA,0.0075,106,0.3853
BA,0.0075,107,0.3708
BA,0.0075,108,0.3776
BA,0.0075,109,0.3798
BA,0.0075,110,0.3784
BA,0.0075,111,0.3759
BA,0.0075,112,0.3879
BA,0.0075,113,0.3832
BA,0.0075,114,0.3789
BA,0.0075,115,0.3911
BA,0.0075,116,0.3933
BA,0.0075,117,0.387
BA,0.0075,118,0.3809
BA,0.0075,119,0.3864
BA,0.0075,120,0.3853
BA,0.0075,121,0.3791
BA,0.0075,122,0.3739
BA,0.0075,123,0.3846
BA,0.0075,124,0.3769
BA,0.0075,125,0.3812
BA,0.0075,126,0.3902
BA,0.0075,127,0.3832
BA,0.0075,128,0.3777
BA,0.0075,129,0.3888
BA,0.0075,130,0.3869
BA,0.0075,131,0.3847
BA,0.0075,132,0.3822
BA,0.0075,133,0.388
BA,0.0075,134,0.3846
BA,0.0075,135,0.3841
BA,0.0075,136,0.3754
BA,0.0075,137,0.3853
BA,0.0075,138,0.3846
BA,0.0075,139,0.3779
BA,0.0075,140,0.3825
BA,0.0075,141,0.3801
BA,0.0075,142,0.388
BA,0.0075,143,0.377
BA,0.0075,144,0.3809
BA,0.0075,145,0.3822
BA,0.0075,146,0.3847
BA,0.0075,147,0.3807
BA,0.0075,148,0.3777
BA,0.0075,149,0.3823
BA,0.0075,150,0.381
BA,0.0075,151,0.3865
BA,0.0075,152,0.3654
BA,0.0075,153,0.3758
BA,0.0075,154,0.386
BA,0.0075,155,0.3862
BA,0.0075,156,0.3852
BA,0.0075,157,0.3715
BA,0.0075,158,0.3816
BA,0.0075,159,0.386
BA,0.0075,160,0.3893
BA,0.0075,161,0.3723
BA,0.0075,162,0.3844
BA,0.0075,163,0.3831
BA,0.0075,164,0.3795
BA,0.0075,165,0.3858
BA,0.0075,166,0.3723
BA,0.0075,167,0.3662
BA,0.0075,168,0.3802
BA,0.0075,169,0.3821
BA,0.0075,170,0.3728
BA,0.0075,171,0.3787
BA,0.0075,172,0.3666
BA,0.0075,173,0.3897
BA,0.0075,174,0.3718
BA,0.0075,175,0.371
BA,0.0075,176,0.3788
BA,0.0075,177,0.3675
BA,0.0075,178,0.3644
BA,0.0075,179,0.3725
BA,0.0075,180,0.3932
BA,0.0075,181,0.3871
BA,0.0075,182,0.3961
BA,0.0075,183,0.3728
BA,0.0075,184,0.3738
BA,0.0075,185,0.3917
BA,0.0075,186,0.3723
BA,0.0075,187,0.3985
BA,0.0075,188,0.3789
BA,0.0075,189,0.3834
BA,0.0075,190,0.3783
BA,0.0075,191,0.3786
BA,0.0075,192,0.3794
BA,0.0075,193,0.3841
BA,0.0075,194,0.3853
BA,0.0075,195,0.3827
BA,0.0075,196,0.3877
BA,0.0075,197,0.3776
BA,0.0075,198,0.3845
BA,0.0075,199,0.3925
ER,0.011,0,0.4839
ER,0.011,1,0.4867
ER,0.011,2,0.4795
ER,0.011,3,0.486
ER,0.011,4,0.4882
ER,0.011,5,0.4865
ER,0.011,6,0.4761
ER,0.011,7,0.4858
ER,0.011,8,0.4808
ER,0.011,9,0.4939
ER,0.011,10,0.4945
ER,0.011,11,0.4974
ER,0.011,12,0.4856
ER,0.011,13,0.4882
ER,0.011,14,0.4978
ER,0.011,15,0.4874
ER,0.011,16,0.4891
ER,0.011,17,0.4881
ER,0.011,18,0.493
ER,0.011,19,0.491
ER,0.011,20,0.4931
ER,0.011,21,0.4869
ER,0.011,22,0.481
ER,0.011,23,0.4894
ER,0.011,24,0.4913
ER,0.011,25,0.4872
ER,0.011,26,0.4955
ER,0.011,27,0.4742
ER,0.011,28,0.4926
ER,0.011,29,0.5064
ER,0.011,30,0.4918
ER,0.011,31,0.495
ER,0.011,32,0.4909
ER,0.011,33,0.4863
ER,0.011,34,0.4847
ER,0.011,35,0.4984
ER,0.011,36,0.4882
ER,0.011,37,0.4874
ER,0.011,38,0.4967
ER,0.011,39,0.4966
ER,0.011,40,0.483
ER,0.011,41,0.4877
ER,0.011,42,0.4794
ER,0.011,43,0.5043
ER,0.011,44,0.486
ER,0.011,45,0.4923
ER,0.011,46,0.4927
ER,0.011,47,0.4964
ER,0.011,48,0.4806
ER,0.011,49,0.4796
ER,0.011,50,0.4917
ER,0.011,51,0.4972
ER,0.011,52,0.4856
ER,0.011,53,0.496
ER,0.011,54,0.4826
ER,0.011,55,0.4928
ER,0.011,56,0.4945
ER,0.011,57,0.4916
ER,0.011,58,0.4979
ER,0.011,59,0.4951
ER,0.011,60,0.4901
ER,0.011,61,0.4967
ER,0.011,62,0.4893
ER,0.011,63,0.4871
ER,0.011,64,0.4909
ER,0.011,65,0.495
ER,0.011,66,0.4881
ER,0.011,67,0.4902
ER,0.011,68,0.4768
ER,0.011,69,0.4721
ER,0.011,70,0.4848
ER,0.011,71,0.4913
ER,0.011,72,0.4769
ER,0.011,73,0.4912
ER,0.011,74,0.4871
ER,0.011,75,0.491
ER,0.011,76,0.4865
ER,0.011,77,0.497
ER,0.011,78,0.4901
ER,0.011,79,0.5067
ER,0.011,80,0.4872
ER,0.011,81,0.4739
ER,0.011,82,0.4955
ER,0.011,83,0.496
ER,0.011,84,0.497
ER,0.011,85,0.4916
ER,0.011,86,0.4852
ER,0.011,87,0.4771
ER,0.011,88,0.4855
ER,0.011,89,0.4996
ER,0.011,90,0.4817
ER,0.011,91,0.4916
ER,0.011,92,0.4911
ER,0.011,93,0.4884
ER,0.011,94,0.4926
ER,0.011,95,0.4902
ER,0.011,96,0.4914
ER,0.011,97,0.4938
ER,0.011,98,0.4885
ER,0.011,99,0.4839
ER,0.011,100,0.4825
ER,0.011,101,0.4981
ER,0.011,102,0.4866
ER,0.011,103,0.4984
ER,0.011,104,0.4967
ER,0.011,105,0.4945
ER,0.011,106,0.491
ER,0.011,107,0.4853
ER,0.011,108,0.488
ER,0.011,109,0.4954
ER,0.011,110,0.4952
ER,0.011,111,0.4871
ER,0.011,112,0.4863
ER,0.011,113,0.4914
ER,0.011,114,0.4902
ER,0.011,115,0.4995
ER,0.011,116,0.4984
ER,0.011,117,0.4963
ER,0.011,118,0.4972
ER,0.011,119,0.4925
ER,0.011,120,0.4898
ER,0.011,121,0.4891
ER,0.011,122,0.4886
ER,0.011,123,0.4991
ER,0.011,124,0.4844
ER,0.011,125,0.4809
ER,0.011,126,0.4859
ER,0.011,127,0.504
ER,0.011,128,0.4873
ER,0.011,129,0.4817
ER,0.011,130,0.5023
ER,0.011,131,0.489
ER,0.011,132,0.5042
ER,0.011,133,0.4794
ER,0.011,134,0.4972
ER,0.011,135,0.4902
ER,0.011,136,0.4867
ER,0.011,137,0.4936
ER,0.011,138,0.4904
ER,0.011,139,0.4989
ER,0.011,140,0.4977
ER,0.011,141,0.4844
ER,0.011,142,0.476
ER,0.011,143,0.4872
ER,0.011,144,0.4913
ER,0.011,145,0.4972
ER,0.011,146,0.4877
ER,0.011,147,0.4865
ER,0.011,148,0.4872
ER,0.011,149,0.4897
ER,0.011,150,0.497
ER,0.011,151,0.4812
ER,0.011,152,0.4929
ER,0.011,153,0.4967
ER,0.011,154,0.4851
ER,0.011,155,0.4897
ER,0.011,156,0.4989
ER,0.011,157,0.4957
ER,0.011,158,0.4924
ER,0.011,159,0.484
ER,0.011,160,0.4735
ER,0.011,161,0.4963
ER,0.011,162,0.4924
ER,0.011,163,0.49
ER,0.011,164,0.4883
ER,0.011,165,0.493
ER,0.011,166,0.4779
ER,0.011,167,0.496
ER,0.011,168,0.4832
ER,0.011,169,0.4911
ER,0.011,170,0.4961
ER,0.011,171,0.4823
ER,0.011,172,0.4845
ER,0.011,173,0.4797
ER,0.011,174,0.4907
ER,0.011,175,0.4904
ER,0.011,176,0.4862
ER,0.011,177,0.4912
ER,0.011,178,0.4954
ER,0.011,179,0.4997
ER,0.011,180,0.4946
ER,0.011,181,0.4771
ER,0.011,182,0.4791
ER,0.011,183,0.4897
ER,0.011,184,0.4917
ER,0.011,185,0.4879
ER,0.011,186,0.4931
ER,0.011,187,0.4879
ER,0.011,188,0.4876
ER,0.011,189,0.4964
ER,0.011,190,0.492
ER,0.011,191,0.4849
ER,0.011,192,0.4902
ER,0.011,193,0.4794
ER,0.011,194,0.4778
ER,0.011,195,0.4806
ER,0.011,196,0.4843
ER,0.011,197,0.4885
ER,0.011,198,0.4935
ER,0.011,199,0.488
BA,0.011,0,0.4884
BA,0.011,1,0.4656
BA,0.011,2,0.4847
BA,0.011,3,0.4845
BA,0.011,4,0.4834
BA,0.011,5,0.487
BA,0.011,6,0.4664
BA,0.011,7,0.4891
BA,0.011,8,0.469
BA,0.011,9,0.4792
BA,0.011,10,0.4788
BA,0.011,11,0.469
BA,0.011,12,0.4821
BA,0.011,13,0.4772
BA,0.011,14,0.4857
BA,0.011,15,0.4775
BA,0.011,16,0.4739
BA,0.011,17,0.4759
BA,0.011,18,0.4912
BA,0.011,19,0.4895
BA,0.011,20,0.4784
BA,0.011,21,0.4695
BA,0.011,22,0.4813
BA,0.011,23,0.4904
BA,0.011,24,0.4802
BA,0.011,25,0.4845
BA,0.011,26,0.4776
BA,0.011,27,0.4845
BA,0.011,28,0.4692
BA,0.011,29,0.4909
BA,0.011,30,0.4826
BA,0.011,31,0.4934
BA,0.011,32,0.4866
BA,0.011,33,0.477
BA,0.011,34,0.4738
BA,0.011,35,0.484
BA,0.011,36,0.4919
BA,0.011,37,0.4746
BA,0.011,38,0.4838
BA,0.011,39,0.4783
BA,0.011,40,0.4786
BA,0.011,41,0.481
BA,0.011,42,0.4787
BA,0.011,43,0.4716
BA,0.011,44,0.4814
BA,0.011,45,0.4913
BA,0.011,46,0.4787
BA,0.011,47,0.4862
BA,0.011,48,0.4829
BA,0.011,49,0.4843
BA,0.011,50,0.4806
BA,0.011,51,0.4772
BA,0.011,52,0.4806
BA,0.011,53,0.481
BA,0.011,54,0.4839
BA,0.011,55,0.4766
BA,0.011,56,0.4796
BA,0.011,57,0.4858
BA,0.011,58,0.4748
BA,0.011,59,0.4664
BA,0.011,60,0.4808
BA,0.011,61,0.4775
BA,0.011,62,0.4744
BA,0.011,63,0.4846
BA,0.011,64,0.4878
BA,0.011,65,0.4796
BA,0.011,66,0.4874
BA,0.011,67,0.4895
BA,0.011,68,0.479
BA,0.011,69,0.4765
BA,0.011,70,0.4813
BA,0.011,71,0.4763
BA,0.011,72,0.4796
BA,0.011,73,0.4774
BA,0.011,74,0.4954
BA,0.011,75,0.4749
BA,0.011,76,0.4741
BA,0.011,77,0.4805
BA,0.011,78,0.4734
BA,0.011,79,0.4733
BA,0.011,80,0.4732
BA,0.011,81,0.4863
BA,0.011,82,0.4975
BA,0.011,83,0.4752
BA,0.011,84,0.4754
BA,0.011,85,0.4764
BA,0.011,86,0.4742
BA,0.011,87,0.4783
BA,0.011,88,0.4863
BA,0.011,89,0.4734
BA,0.011,90,0.4799
BA,0.011,91,0.4588
BA,0.011,92,0.5011
BA,0.011,93,0.4826
BA,0.011,94,0.4839
BA,0.011,95,0.4921
BA,0.011,96,0.4807
BA,0.011,97,0.4965
BA,0.011,98,0.4739
BA,0.011,99,0.4724
BA,0.011,100,0.4841
BA,0.011,101,0.4795
BA,0.011,102,0.4729
BA,0.011,103,0.4878
BA,0.011,104,0.474
BA,0.011,105,0.4975
BA,0.011,106,0.4764
BA,0.011,107,0.4771
BA,0.011,108,0.4844
BA,0.011,109,0.4796
BA,0.011,110,0.4772
BA,0.011,111,0.4775
BA,0.011,112,0.4745
BA,0.011,113,0.4725
BA,0.011,114,0.4738
BA,0.011,115,0.4781
BA,0.011,116,0.4794
BA,0.011,117,0.4908
BA,0.011,118,0.479
BA,0.011,119,0.4807
BA,0.011,120,0.482
BA,0.011,121,0.4748
BA,0.011,122,0.4706
BA,0.011,123,0.4788
BA,0.011,124,0.4862
BA,0.011,125,0.4774
BA,0.011,126,0.4829
BA,0.011,127,0.4846
BA,0.011,128,0.4883
BA,0.011,129,0.4803
BA,0.011,130,0.4772
BA,0.011,131,0.4851
BA,0.011,132,0.4786
BA,0.011,133,0.4863
BA,0.011,134,0.4755
BA,0.011,135,0.4728
BA,0.011,136,0.4807
BA,0.011,137,0.4735
BA,0.011,138,0.4714
BA,0.011,139,0.4893
BA,0.011,140,0.4789
BA,0.011,141,0.4892
BA,0.011,142,0.4743
BA,0.011,143,0.4891
BA,0.011,144,0.4802
BA,0.011,145,0.4812
BA,0.011,146,0.4911
BA,0.011,147,0.4921
BA,0.011,148,0.4834
BA,0.011,149,0.4715
BA,0.011,150,0.4789
BA,0.011,151,0.482
BA,0.011,152,0.4773
BA,0.011,153,0.4737
BA,0.011,154,0.4806
BA,0.011,155,0.4765
BA,0.011,156,0.4748
BA,0.011,157,0.4676
BA,0.011,158,0.4763
BA,0.011,159,0.4815
BA,0.011,160,0.4792
BA,0.011,161,0.4788
BA,0.011,162,0.4734
BA,0.011,163,0.4912
BA,0.011,164,0.4841
BA,0.011,165,0.4744
BA,0.011,166,0.4868
BA,0.011,167,0.4838
BA,0.011,168,0.4776
BA,0.011,169,0.4687
BA,0.011,170,0.4826
BA,0.011,171,0.4797
BA,0.011,172,0.4756
BA,0.011,173,0.4896
BA,0.011,174,0.478
BA,0.011,175,0.4859
BA,0.011,176,0.4781
BA,0.011,177,0.4833
BA,0.011,178,0.4812
BA,0.011,179,0.4756
BA,0.011,180,0.4779
BA,0.011,181,0.4713
BA,0.011,182,0.4727
BA,0.011,183,0.4827
BA,0.011,184,0.4784
BA,0.011,185,0.4803
BA,0.011,186,0.4888
BA,0.011,187,0.4731
BA,0.011,188,0.4825
BA,0.011,189,0.487
BA,0.011,190,0.4806
BA,0.011,191,0.4895
BA,0.011,192,0.4801
BA,0.011,193,0.4913
BA,0.011,194,0.4781
BA,0.011,195,0.4886
BA,0.011,196,0.4828
BA,0.011,197,0.472
BA,0.011,198,0.4837
BA,0.011,199,0.484
ER,0.016,0,0.5843
ER,0.016,1,0.5854
ER,0.016,2,0.5881
ER,0.016,3,0.5999
ER,0.016,4,0.5878
ER,0.016,5,0.5873
ER,0.016,6,0.5841
ER,0.016,7,0.5923
ER,0.016,8,0.583
ER,0.016,9,0.5865
ER,0.016,10,0.5811
ER,0.016,11,0.5906
ER,0.016,12,0.5867
ER,0.016,13,0.5944
ER,0.016,14,0.5891
ER,0.016,15,0.5913
ER,0.016,16,0.5818
ER,0.016,17,0.5806
ER,0.016,18,0.5887
ER,0.016,19,0.5781
ER,0.016,20,0.5919
ER,0.016,21,0.5937
ER,0.016,22,0.5835
ER,0.016,23,0.5883
ER,0.016,24,0.5966
ER,0.016,25,0.5881
ER,0.016,26,0.587
ER,0.016,27,0.5837
ER,0.016,28,0.5736
ER,0.016,29,0.5908
ER,0.016,30,0.5837
ER,0.016,31,0.5909
ER,0.016,32,0.5817
ER,0.016,33,0.5872
ER,0.016,34,0.5892
ER,0.016,35,0.5899
ER,0.016,36,0.5916
ER,0.016,37,0.5858
ER,0.016,38,0.586
ER,0.016,39,0.586
ER,0.016,40,0.5817
ER,0.016,41,0.5938
ER,0.016,42,0.5863
ER,0.016,43,0.5873
ER,0.016,44,0.5808
ER,0.016,45,0.5824
ER,0.016,46,0.5875
ER,0.016,47,0.5714
ER,0.016,48,0.5893
ER,0.016,49,0.5885
ER,0.016,50,0.5873
ER,0.016,51,0.5922
ER,0.016,52,0.5878
ER,0.016,53,0.5961
ER,0.016,54,0.5912
ER,0.016,55,0.5935
ER,0.016,56,0.5812
ER,0.016,57,0.5739
ER,0.016,58,0.586
ER,0.016,59,0.5781
ER,0.016,60,0.5812
ER,0.016,61,0.5855
ER,0.016,62,0.5933
ER,0.016,63,0.5825
ER,0.016,64,0.5944
ER,0.016,65,0.5941
ER,0.016,66,0.5965
ER,0.016,67,0.5932
ER,0.016,68,0.5854
ER,0.016,69,0.6002
ER,0.016,70,0.5793
ER,0.016,71,0.5863
ER,0.016,72,0.5832
ER,0.016,73,0.5831
ER,0.016,74,0.5861
ER,0.016,75,0.5818
ER,0.016,76,0.5935
ER,0.016,77,0.5868
ER,0.016,78,0.5715
ER,0.016,79,0.5883
ER,0.016,80,0.5867
ER,0.016,81,0.5731
ER,0.016,82,0.5927
ER,0.016,83,0.5889
ER,0.016,84,0.5845
ER,0.016,85,0.5869
ER,0.016,86,0.5885
ER,0.016,87,0.5889
ER,0.016,88,0.5909
ER,0.016,89,0.5923
ER,0.016,90,0.5907
ER,0.016,91,0.5954
ER,0.016,92,0.5912
ER,0.016,93,0.5879
ER,0.016,94,0.5954
ER,0.016,95,0.5912
ER,0.016,96,0.5796
ER,0.016,97,0.5791
ER,0.016,98,0.5909
ER,0.016,99,0.5846
ER,0.016,100,0.5822
ER,0.016,101,0.5958
ER,0.016,102,0.5974
ER,0.016,103,0.5818
ER,0.016,104,0.5877
ER,0.016,105,0.5898
ER,0.016,106,0.5948
ER,0.016,107,0.5858
ER,0.016,108,0.5845
ER,0.016,109,0.5854
ER,0.016,110,0.5863
ER,0.016,111,0.5964
ER,0.016,112,0.5942
ER,0.016,113,0.5899
ER,0.016,114,0.5771
ER,0.016,115,0.5846
ER,0.016,116,0.6054
ER,0.016,117,0.5927
ER,0.016,118,0.5882
ER,0.016,119,0.5932
ER,0.016,120,0.5773
ER,0.016,121,0.5737
ER,0.016,122,0.5797
ER,0.016,123,0.5858
ER,0.016,124,0.5913
ER,0.016,125,0.5786
ER,0.016,126,0.5821
ER,0.016,127,0.5894
ER,0.016,128,0.5933
ER,0.016,129,0.5836
ER,0.016,130,0.5857
ER,0.016,131,0.587
ER,0.016,132,0.6017
ER,0.016,133,0.5747
ER,0.016,134,0.5865
ER,0.016,135,0.5908
ER,0.016,136,0.5827
ER,0.016,137,0.5906
ER,0.016,138,0.5958
ER,0.016,139,0.5858
ER,0.016,140,0.5825
ER,0.016,141,0.5865
ER,0.016,142,0.5908
ER,0.016,143,0.5779
ER,0.016,144,0.592
ER,0.016,145,0.5852
ER,0.016,146,0.5834
ER,0.016,147,0.5863
ER,0.016,148,0.591
ER,0.016,149,0.5944
ER,0.016,150,0.5831
ER,0.016,151,0.583
ER,0.016,152,0.5784
ER,0.016,153,0.5923
ER,0.016,154,0.5846
ER,0.016,155,0.5823
ER,0.016,156,0.5879
ER,0.016,157,0.5874
ER,0.016,158,0.5961
ER,0.016,159,0.5699
ER,0.016,160,0.5892
ER,0.016,161,0.5957
ER,0.016,162,0.5748
ER,0.016,163,0.5785
ER,0.016,164,0.583
ER,0.016,165,0.5921
ER,0.016,166,0.5932
ER,0.016,167,0.5941
ER,0.016,168,0.5889
ER,0.016,169,0.5775
ER,0.016,170,0.5838
ER,0.016,171,0.5871
ER,0.016,172,0.582
ER,0.016,173,0.5962
ER,0.016,174,0.5853
ER,0.016,175,0.5975
ER,0.016,176,0.5838
ER,0.016,177,0.5902
ER,0.016,178,0.5738
ER,0.016,179,0.5825
ER,0.016,180,0.592
ER,0.016,181,0.5898
ER,0.016,182,0.5851
ER,0.016,183,0.5943
ER,0.016,184,0.5881
ER,0.016,185,0.5835
ER,0.016,186,0.5802
ER,0.016,187,0.5781
ER,0.016,188,0.5881
ER,0.016,189,0.5789
ER,0.016,190,0.5901
ER,0.016,191,0.5866
ER,0.016,192,0.5903
ER,0.016,193,0.5769
ER,0.016,194,0.6026
ER,0.016,195,0.5845
ER,0.016,196,0.5803
ER,0.016,197,0.5826
ER,0.016,198,0.5866
ER,0.016,199,0.5899
BA,0.016,0,0.5627
BA,0.016,1,0.5753
BA,0.016,2,0.5703
BA,0.016,3,0.5736
BA,0.016,4,0.5711
BA,0.016,5,0.5746
BA,0.016,6,0.5769
BA,0.016,7,0.5724
BA,0.016,8,0.5755
BA,0.016,9,0.5611
BA,0.016,10,0.5794
BA,0.016,11,0.5743
BA,0.016,12,0.5724
BA,0.016,13,0.5771
BA,0.016,14,0.5877
BA,0.016,15,0.5718
BA,0.016,16,0.5827
BA,0.016,17,0.5839
BA,0.016,18,0.5897
BA,0.016,19,0.5739
BA,0.016,20,0.576
BA,0.016,21,0.5746
BA,0.016,22,0.5711
BA,0.016,23,0.565
BA,0.016,24,0.5683
BA,0.016,25,0.5759
BA,0.016,26,0.5746
BA,0.016,27,0.571
BA,0.016,28,0.5826
BA,0.016,29,0.5815
BA,0.016,30,0.5808
BA,0.016,31,0.5778
BA,0.016,32,0.5734
BA,0.016,33,0.5716
BA,0.016,34,0.5694
BA,0.016,35,0.5663
BA,0.016,36,0.5702
BA,0.016,37,0.5677
BA,0.016,38,0.5712
BA,0.016,39,0.5675
BA,0.016,40,0.5628
BA,0.016,41,0.5667
BA,0.016,42,0.5694
BA,0.016,43,0.578
BA,0.016,44,0.5677
BA,0.016,45,0.5714
BA,0.016,46,0.5924
BA,0.016,47,0.5763
BA,0.016,48,0.5774
BA,0.016,49,0.5651
BA,0.016,50,0.5781
BA,0.016,51,0.5859
BA,0.016,52,0.5699
BA,0.016,53,0.5641
BA,0.016,54,0.5812
BA,0.016,55,0.5626
BA,0.016,56,0.5739
BA,0.016,57,0.5598
BA,0.016,58,0.5746
BA,0.016,59,0.5626
BA,0.016,60,0.5783
BA,0.016,61,0.5739
BA,0.016,62,0.5801
BA,0.016,63,0.5737
BA,0.016,64,0.5555
BA,0.016,65,0.5806
BA,0.016,66,0.5669
BA,0.016,67,0.5707
BA,0.016,68,0.5589
BA,0.016,69,0.573
BA,0.016,70,0.5735
BA,0.016,71,0.5722
BA,0.016,72,0.5759
BA,0.016,73,0.5612
BA,0.016,74,0.5725
BA,0.016,75,0.57
BA,0.016,76,0.5802
BA,0.016,77,0.5731
BA,0.016,78,0.5722
BA,0.016,79,0.5688
BA,0.016,80,0.5715
BA,0.016,81,0.5917
BA,0.016,82,0.5787
BA,0.016,83,0.5789
BA,0.016,84,0.581
BA,0.016,85,0.5837
BA,0.016,86,0.5715
BA,0.016,87,0.5668
BA,0.016,88,0.5744
BA,0.016,89,0.5939
BA,0.016,90,0.5777
BA,0.016,91,0.5776
BA,0.016,92,0.5686
BA,0.016,93,0.5689
BA,0.016,94,0.5771
BA,0.016,95,0.5782
BA,0.016,96,0.5825
BA,0.016,97,0.579
BA,0.016,98,0.5842
BA,0.016,99,0.5704
BA,0.016,100,0.5774
BA,0.016,101,0.5781
BA,0.016,102,0.573
BA,0.016,103,0.5583
BA,0.016,104,0.5679
BA,0.016,105,0.5764
BA,0.016,106,0.572
BA,0.016,107,0.5703
BA,0.016,108,0.5659
BA,0.016,109,0.5674
BA,0.016,110,0.5713
BA,0.016,111,0.5839
BA,0.016,112,0.5666
BA,0.016,113,0.5713
BA,0.016,114,0.5659
BA,0.016,115,0.5752
BA,0.016,116,0.5737
BA,0.016,117,0.5659
BA,0.016,118,0.5823
BA,0.016,119,0.5724
BA,0.016,120,0.576
BA,0.016,121,0.5583
BA,0.016,122,0.5812
BA,0.016,123,0.5872
BA,0.016,124,0.5716
BA,0.016,125,0.572
BA,0.016,126,0.5764
BA,0.016,127,0.5696
BA,0.016,128,0.5741
BA,0.016,129,0.5773
BA,0.016,130,0.5759
BA,0.016,131,0.567
BA,0.016,132,0.5687
BA,0.016,133,0.562
BA,0.016,134,0.5818
BA,0.016,135,0.5746
BA,0.016,136,0.5789
BA,0.016,137,0.5745
BA,0.016,138,0.5684
BA,0.016,139,0.5767
BA,0.016,140,0.5782
BA,0.016,141,0.5724
BA,0.016,142,0.5666
BA,0.016,143,0.5681
BA,0.016,144,0.5695
BA,0.016,145,0.5738
BA,0.016,146,0.5724
BA,0.016,147,0.5715
BA,0.016,148,0.5821
BA,0.016,149,0.5875
BA,0.016,150,0.5724
BA,0.016,151,0.5744
BA,0.016,152,0.5674
BA,0.016,153,0.5763
BA,0.016,154,0.5702
BA,0.016,155,0.5706
BA,0.016,156,0.5658
BA,0.016,157,0.5799
BA,0.016,158,0.5813
BA,0.016,159,0.5713
BA,0.016,160,0.5509
BA,0.016,161,0.5538
BA,0.016,162,0.5833
BA,0.016,163,0.5687
BA,0.016,164,0.5714
BA,0.016,165,0.571
BA,0.016,166,0.5717
BA,0.016,167,0.5722
BA,0.016,168,0.5901
BA,0.016,169,0.5762
BA,0.016,170,0.5672
BA,0.016,171,0.5666
BA,0.016,172,0.5714
BA,0.016,173,0.5717
BA,0.016,174,0.5562
BA,0.016,175,0.5654
BA,0.016,176,0.5774
BA,0.016,177,0.5752
BA,0.016,178,0.5601
BA,0.016,179,0.5714
BA,0.016,180,0.567
BA,0.016,181,0.5606
BA,0.016,182,0.5853
BA,0.016,183,0.5796
BA,0.016,184,0.5745
BA,0.016,185,0.5719
BA,0.016,186,0.5711
BA,0.016,187,0.5716
BA,0.016,188,0.5735
BA,0.016,189,0.5696
BA,0.016,190,0.5808
BA,0.016,191,0.5742
BA,0.016,192,0.569
BA,0.016,193,0.5715
BA,0.016,194,0.5624
BA,0.016,195,0.5618
BA,0.016,196,0.5685
BA,0.016,197,0.5763
BA,0.016,198,0.5709
BA,0.016,199,0.5732
ER,0.023,0,0.6758
ER,0.023,1,0.6723
ER,0.023,2,0.6539
ER,0.023,3,0.6691
ER,0.023,4,0.658
ER,0.023,5,0.6583
ER,0.023,6,0.6611
ER,0.023,7,0.6721
ER,0.023,8,0.6659
ER,0.023,9,0.6772
ER,0.023,10,0.6744
ER,0.023,11,0.6692
ER,0.023,12,0.668
ER,0.023,13,0.6656
ER,0.023,14,0.6739
ER,0.023,15,0.6672
ER,0.023,16,0.6704
ER,0.023,17,0.6593
ER,0.023,18,0.6695
ER,0.023,19,0.6804
ER,0.023,20,0.6688
ER,0.023,21,0.6669
ER,0.023,22,0.6731
ER,0.023,23,0.6696
ER,0.023,24,0.6679
ER,0.023,25,0.6655
ER,0.023,26,0.667
ER,0.023,27,0.6759
ER,0.023,28,0.6606
ER,0.023,29,0.6741
ER,0.023,30,0.6653
ER,0.023,31,0.6665
ER,0.023,32,0.6658
ER,0.023,33,0.6738
ER,0.023,34,0.6641
ER,0.023,35,0.6737
ER,0.023,36,0.6734
ER,0.023,37,0.6657
ER,0.023,38,0.6649
ER,0.023,39,0.6671
ER,0.023,40,0.663
ER,0.023,41,0.6694
ER,0.023,42,0.6651
ER,0.023,43,0.6732
ER,0.023,44,0.6733
ER,0.023,45,0.6591
ER,0.023,46,0.6658
ER,0.023,47,0.6782
ER,0.023,48,0.6606
ER,0.023,49,0.669
ER,0.023,50,0.6709
ER,0.023,51,0.6601
ER,0.023,52,0.6718
ER,0.023,53,0.6615
ER,0.023,54,0.6667
ER,0.023,55,0.6659
ER,0.023,56,0.6711
ER,0.023,57,0.6719
ER,0.023,58,0.6694
ER,0.023,59,0.6797
ER,0.023,60,0.6751
ER,0.023,61,0.6727
ER,0.023,62,0.668
ER,0.023,63,0.6621
ER,0.023,64,0.6717
ER,0.023,65,0.6806
ER,0.023,66,0.664
ER,0.023,67,0.6687
ER,0.023,68,0.6624
ER,0.023,69,0.661
ER,0.023,70,0.6723
ER,0.023,71,0.6627
ER,0.023,72,0.6726
ER,0.023,73,0.6682
ER,0.023,74,0.6665
ER,0.023,75,0.6695
ER,0.023,76,0.6731
ER,0.023,77,0.673
ER,0.023,78,0.6677
ER,0.023,79,0.6658
ER,0.023,80,0.6601
ER,0.023,81,0.674
ER,0.023,82,0.6577
ER,0.023,83,0.6659
ER,0.023,84,0.6599
ER,0.023,85,0.6638
ER,0.023,86,0.6764
ER,0.023,87,0.6602
ER,0.023,88,0.6621
ER,0.023,89,0.6795
ER,0.023,90,0.6644
ER,0.023,91,0.6697
ER,0.023,92,0.6647
ER,0.023,93,0.6658
ER,0.023,94,0.6701
ER,0.023,95,0.6717
ER,0.023,96,0.673
ER,0.023,97,0.6717
ER,0.023,98,0.6664
ER,0.023,99,0.67
ER,0.023,100,0.6727
ER,0.023,101,0.6613
ER,0.023,102,0.6702
ER,0.023,103,0.6586
ER,0.023,104,0.6701
ER,0.023,105,0.67
ER,0.023,106,0.6675
ER,0.023,107,0.6661
ER,0.023,108,0.6747
ER,0.023,109,0.6689
ER,0.023,110,0.6673
ER,0.023,111,0.6725
ER,0.023,112,0.6683
ER,0.023,113,0.6715
ER,0.023,114,0.6713
ER,0.023,115,0.6673
ER,0.023,116,0.6729
ER,0.023,117,0.6774
ER,0.023,118,0.6563
ER,0.023,119,0.6639
ER,0.023,120,0.6741
ER,0.023,121,0.6594
ER,0.023,122,0.675
ER,0.023,123,0.6695
ER,0.023,124,0.6665
ER,0.023,125,0.6725
ER,0.023,126,0.6718
ER,0.023,127,0.6726
ER,0.023,128,0.6668
ER,0.023,129,0.6616
ER,0.023,130,0.6649
ER,0.023,131,0.6678
ER,0.023,132,0.6684
ER,0.023,133,0.6641
ER,0.023,134,0.664
ER,0.023,135,0.6642
ER,0.023,136,0.6756
ER,0.023,137,0.669
ER,0.023,138,0.6755
ER,0.023,139,0.6652
ER,0.023,140,0.6649
ER,0.023,141,0.6644
ER,0.023,142,0.6644
ER,0.023,143,0.6689
ER,0.023,144,0.6753
ER,0.023,145,0.6798
ER,0.023,146,0.672
ER,0.023,147,0.6774
ER,0.023,148,0.6608
ER,0.023,149,0.6663
ER,0.023,150,0.6687
ER,0.023,151,0.6725
ER,0.023,152,0.6676
ER,0.023,153,0.6673
ER,0.023,154,0.6712
ER,0.023,155,0.676
ER,0.023,156,0.665
ER,0.023,157,0.6793
ER,0.023,158,0.6708
ER,0.023,159,0.6693
ER,0.023,160,0.6796
ER,0.023,161,0.6748
ER,0.023,162,0.6695
ER,0.023,163,0.6613
ER,0.023,164,0.6723
ER,0.023,165,0.6703
ER,0.023,166,0.6726
ER,0.023,167,0.6664
ER,0.023,168,0.6671
ER,0.023,169,0.6712
ER,0.023,170,0.6697
ER,0.023,171,0.6751
ER,0.023,172,0.6723
ER,0.023,173,0.6652
ER,0.023,174,0.6705
ER,0.023,175,0.6746
ER,0.023,176,0.669
ER,0.023,177,0.6592
ER,0.023,178,0.6776
ER,0.023,179,0.6686
ER,0.023,180,0.6746
ER,0.023,181,0.6657
ER,0.023,182,0.6779
ER,0.023,183,0.6726
ER,0.023,184,0.6682
ER,0.023,185,0.6684
ER,0.023,186,0.6767
ER,0.023,187,0.6748
ER,0.023,188,0.6683
ER,0.023,189,0.6685
ER,0.023,190,0.6749
ER,0.023,191,0.6685
ER,0.023,192,0.672
ER,0.023,193,0.6672
ER,0.023,194,0.6698
ER,0.023,195,0.6703
ER,0.023,196,0.6709
ER,0.023,197,0.6638
ER,0.023,198,0.6722
ER,0.023,199,0.6705
BA,0.023,0,0.6584
BA,0.023,1,0.6491
BA,0.023,2,0.651
BA,0.023,3,0.6513
BA,0.023,4,0.6542
BA,0.023,5,0.6567
BA,0.023,6,0.6575
BA,0.023,7,0.6489
BA,0.023,8,0.6451
BA,0.023,9,0.6563
BA,0.023,10,0.6539
BA,0.023,11,0.6597
BA,0.023,12,0.6382
BA,0.023,13,0.6516
BA,0.023,14,0.6348
BA,0.023,15,0.6605
BA,0.023,16,0.647
BA,0.023,17,0.6461
BA,0.023,18,0.6562
BA,0.023,19,0.6439
BA,0.023,20,0.6549
BA,0.023,21,0.6537
BA,0.023,22,0.6578
BA,0.023,23,0.6583
BA,0.023,24,0.6444
BA,0.023,25,0.6647
BA,0.023,26,0.6547
BA,0.023,27,0.6494
BA,0.023,28,0.6483
BA,0.023,29,0.6439
BA,0.023,30,0.6591
BA,0.023,31,0.6505
BA,0.023,32,0.669
BA,0.023,33,0.6536
BA,0.023,34,0.6578
BA,0.023,35,0.6532
BA,0.023,36,0.6513
BA,0.023,37,0.6394
BA,0.023,38,0.6505
BA,0.023,39,0.6583
BA,0.023,40,0.6474
BA,0.023,41,0.669
BA,0.023,42,0.6554
BA,0.023,43,0.6531
BA,0.023,44,0.654
BA,0.023,45,0.6477
BA,0.023,46,0.6585
BA,0.023,47,0.6578
BA,0.023,48,0.6441
BA,0.023,49,0.6499
BA,0.023,50,0.6545
BA,0.023,51,0.6567
BA,0.023,52,0.6575
BA,0.023,53,0.6453
BA,0.023,54,0.6503
BA,0.023,55,0.6615
BA,0.023,56,0.6649
BA,0.023,57,0.6452
BA,0.023,58,0.6463
BA,0.023,59,0.6566
BA,0.023,60,0.6534
BA,0.023,61,0.6572
BA,0.023,62,0.6585
BA,0.023,63,0.651
BA,0.023,64,0.6527
BA,0.023,65,0.6596
BA,0.023,66,0.6476
BA,0.023,67,0.655
BA,0.023,68,0.6538
BA,0.023,69,0.6589
BA,0.023,70,0.6575
BA,0.023,71,0.6375
BA,0.023,72,0.6644
BA,0.023,73,0.6633
BA,0.023,74,0.644
BA,0.023,75,0.6501
BA,0.023,76,0.6491
BA,0.023,77,0.6497
BA,0.023,78,0.6537
BA,0.023,79,0.6505
BA,0.023,80,0.656
BA,0.023,81,0.6587
BA,0.023,82,0.6474
BA,0.023,83,0.6512
BA,0.023,84,0.6611
BA,0.023,85,0.653
BA,0.023,86,0.6526
BA,0.023,87,0.6468
BA,0.023,88,0.6547
BA,0.023,89,0.6505
BA,0.023,90,0.6581
BA,0.023,91,0.6517
BA,0.023,92,0.6534
BA,0.023,93,0.6552
BA,0.023,94,0.6488
BA,0.023,95,0.6523
BA,0.023,96,0.6553
BA,0.023,97,0.6476
BA,0.023,98,0.6519
BA,0.023,99,0.6573
BA,0.023,100,0.6471
BA,0.023,101,0.652
BA,0.023,102,0.6627
BA,0.023,103,0.6524
BA,0.023,104,0.6385
BA,0.023,105,0.6428
BA,0.023,106,0.6505
BA,0.023,107,0.6506
BA,0.023,108,0.6614
BA,0.023,109,0.657
BA,0.023,110,0.6519
BA,0.023,111,0.6535
BA,0.023,112,0.6484
BA,0.023,113,0.652
BA,0.023,114,0.6443
BA,0.023,115,0.6539
BA,0.023,116,0.6489
BA,0.023,117,0.6582
BA,0.023,118,0.6541
BA,0.023,119,0.6679
BA,0.023,120,0.6574
BA,0.023,121,0.6569
BA,0.023,122,0.6483
BA,0.023,123,0.6502
BA,0.023,124,0.6579
BA,0.023,125,0.647
BA,0.023,126,0.652
BA,0.023,127,0.6597
BA,0.023,128,0.6555
BA,0.023,129,0.6535
BA,0.023,130,0.6549
BA,0.023,131,0.6592
BA,0.023,132,0.6522
BA,0.023,133,0.6538
BA,0.023,134,0.6531
BA,0.023,135,0.6549
BA,0.023,136,0.6522
BA,0.023,137,0.6512
BA,0.023,138,0.6585
BA,0.023,139,0.6554
BA,0.023,140,0.6513
BA,0.023,141,0.6532
BA,0.023,142,0.6523
BA,0.023,143,0.6525
BA,0.023,144,0.6564
BA,0.023,145,0.6594
BA,0.023,146,0.6542
BA,0.023,147,0.6455
BA,0.023,148,0.6574
BA,0.023,149,0.6495
BA,0.023,150,0.6504
BA,0.023,151,0.6512
BA,0.023,152,0.6485
BA,0.023,153,0.6643
BA,0.023,154,0.6576
BA,0.023,155,0.654
BA,0.023,156,0.6616
BA,0.023,157,0.6546
BA,0.023,158,0.6567
BA,0.023,159,0.6489
BA,0.023,160,0.6565
BA,0.023,161,0.6565
BA,0.023,162,0.6545
BA,0.023,163,0.6503
BA,0.023,164,0.6504
BA,0.023,165,0.6528
BA,0.023,166,0.6577
BA,0.023,167,0.6508
BA,0.023,168,0.6486
BA,0.023,169,0.6448
BA,0.023,170,0.6514
BA,0.023,171,0.6578
BA,0.023,172,0.6438
BA,0.023,173,0.6574
BA,0.023,174,0.6611
BA,0.023,175,0.6483
BA,0.023,176,0.654
BA,0.023,177,0.6508
BA,0.023,178,0.6597
BA,0.023,179,0.6521
BA,0.023,180,0.6585
BA,0.023,181,0.658
BA,0.023,182,0.6567
BA,0.023,183,0.6619
BA,0.023,184,0.6589
BA,0.023,185,0.6569
BA,0.023,186,0.6493
BA,0.023,187,0.6484
BA,0.023,188,0.6489
BA,0.023,189,0.6616
BA,0.023,190,0.6643
BA,0.023,191,0.6532
BA,0.023,192,0.6592
BA,0.023,193,0.6572
BA,0.023,194,0.6509
BA,0.023,195,0.6519
BA,0.023,196,0.6484
BA,0.023,197,0.6585
BA,0.023,198,0.6443
BA,0.023,199,0.6544
ER,0.033,0,0.7303
ER,0.033,1,0.7396
ER,0.033,2,0.7385
ER,0.033,3,0.7329
ER,0.033,4,0.7428
ER,0.033,5,0.7362
ER,0.033,6,0.7388
ER,0.033,7,0.7324
ER,0.033,8,0.734
ER,0.033,9,0.7452
ER,0.033,10,0.7369
ER,0.033,11,0.7433
ER,0.033,12,0.7323
ER,0.033,13,0.7379
ER,0.033,14,0.7354
ER,0.033,15,0.7353
ER,0.033,16,0.7422
ER,0.033,17,0.7335
ER,0.033,18,0.738
ER,0.033,19,0.7258
ER,0.033,20,0.7414
ER,0.033,21,0.7388
ER,0.033,22,0.7315
ER,0.033,23,0.7309
ER,0.033,24,0.7398
ER,0.033,25,0.7417
ER,0.033,26,0.7393
ER,0.033,27,0.7416
ER,0.033,28,0.7367
ER,0.033,29,0.7326
ER,0.033,30,0.7395
ER,0.033,31,0.7414
ER,0.033,32,0.7436
ER,0.033,33,0.7417
ER,0.033,34,0.7363
ER,0.033,35,0.7399
ER,0.033,36,0.739
ER,0.033,37,0.7456
ER,0.033,38,0.7517
ER,0.033,39,0.739
ER,0.033,40,0.7383
ER,0.033,41,0.7429
ER,0.033,42,0.7443
ER,0.033,43,0.7466
ER,0.033,44,0.7335
ER,0.033,45,0.7387
ER,0.033,46,0.7468
ER,0.033,47,0.7475
ER,0.033,48,0.7359
ER,0.033,49,0.7439
ER,0.033,50,0.7417
ER,0.033,51,0.7354
ER,0.033,52,0.7404
ER,0.033,53,0.7353
ER,0.033,54,0.7413
ER,0.033,55,0.7347
ER,0.033,56,0.7403
ER,0.033,57,0.7366
ER,0.033,58,0.7404
ER,0.033,59,0.7439
ER,0.033,60,0.7338
ER,0.033,61,0.7355
ER,0.033,62,0.7349
ER,0.033,63,0.7392
ER,0.033,64,0.7423
ER,0.033,65,0.7462
ER,0.033,66,0.7412
ER,0.033,67,0.7285
ER,0.033,68,0.7431
ER,0.033,69,0.7394
ER,0.033,70,0.7353
ER,0.033,71,0.7348
ER,0.033,72,0.7373
ER,0.033,73,0.7381
ER,0.033,74,0.7395
ER,0.033,75,0.7475
ER,0.033,76,0.7441
ER,0.033,77,0.7403
ER,0.033,78,0.7413
ER,0.033,79,0.741
ER,0.033,80,0.7404
ER,0.033,81,0.743
ER,0.033,82,0.7312
ER,0.033,83,0.7353
ER,0.033,84,0.7417
ER,0.033,85,0.7287
ER,0.033,86,0.7456
ER,0.033,87,0.7389
ER,0.033,88,0.7405
ER,0.033,89,0.7403
ER,0.033,90,0.7415
ER,0.033,91,0.741
ER,0.033,92,0.7403
ER,0.033,93,0.7297
ER,0.033,94,0.7399
ER,0.033,95,0.7425
ER,0.033,96,0.739
ER,0.033,97,0.7261
ER,0.033,98,0.7322
ER,0.033,99,0.7362
ER,0.033,100,0.738
ER,0.033,101,0.7366
ER,0.033,102,0.7368
ER,0.033,103,0.7401
ER,0.033,104,0.7408
ER,0.033,105,0.7343
ER,0.033,106,0.7382
ER,0.033,107,0.7362
ER,0.033,108,0.7496
ER,0.033,109,0.741
ER,0.033,110,0.7386
ER,0.033,111,0.7375
ER,0.033,112,0.7424
ER,0.033,113,0.7388
ER,0.033,114,0.74
ER,0.033,115,0.741
ER,0.033,116,0.7402
ER,0.033,117,0.7329
ER,0.033,118,0.7376
ER,0.033,119,0.7359
ER,0.033,120,0.7402
ER,0.033,121,0.7419
ER,0.033,122,0.7441
ER,0.033,123,0.7424
ER,0.033,124,0.7544
ER,0.033,125,0.7348
ER,0.033,126,0.7331
ER,0.033,127,0.7341
ER,0.033,128,0.7357
ER,0.033,129,0.7318
ER,0.033,130,0.7442
ER,0.033,131,0.7491
ER,0.033,132,0.7395
ER,0.033,133,0.7318
ER,0.033,134,0.7398
ER,0.033,135,0.7301
ER,0.033,136,0.7363
ER,0.033,137,0.7412
ER,0.033,138,0.7354
ER,0.033,139,0.7421
ER,0.033,140,0.7373
ER,0.033,141,0.7313
ER,0.033,142,0.737
ER,0.033,143,0.7384
ER,0.033,144,0.7395
ER,0.033,145,0.7431
ER,0.033,146,0.7407
ER,0.033,147,0.73
ER,0.033,148,0.7359
ER,0.033,149,0.7416
ER,0.033,150,0.7396
ER,0.033,151,0.738
ER,0.033,152,0.7386
ER,0.033,153,0.7368
ER,0.033,154,0.7389
ER,0.033,155,0.7466
ER,0.033,156,0.7384
ER,0.033,157,0.7377
ER,0.033,158,0.7396
ER,0.033,159,0.7433
ER,0.033,160,0.7445
ER,0.033,161,0.7412
ER,0.033,162,0.7397
ER,0.033,163,0.7402
ER,0.033,164,0.7422
ER,0.033,165,0.7386
ER,0.033,166,0.7374
ER,0.033,167,0.7346
ER,0.033,168,0.7308
ER,0.033,169,0.7424
ER,0.033,170,0.7399
ER,0.033,171,0.7298
ER,0.033,172,0.7406
ER,0.033,173,0.7342
ER,0.033,174,0.7421
ER,0.033,175,0.7325
ER,0.033,176,0.7395
ER,0.033,177,0.7465
ER,0.033,178,0.738
ER,0.033,179,0.7315
ER,0.033,180,0.7403
ER,0.033,181,0.7415
ER,0.033,182,0.7299
ER,0.033,183,0.7504
ER,0.033,184,0.7417
ER,0.033,185,0.7375
ER,0.033,186,0.7489
ER,0.033,187,0.7306
ER,0.033,188,0.7383
ER,0.033,189,0.7322
ER,0.033,190,0.7325
ER,0.033,191,0.7388
ER,0.033,192,0.7417
ER,0.033,193,0.7318
ER,0.033,194,0.7397
ER,0.033,195,0.7256
ER,0.033,196,0.7309
ER,0.033,197,0.7424
ER,0.033,198,0.7363
ER,0.033,199,0.7317
BA,0.033,0,0.7167
BA,0.033,1,0.7231
BA,0.033,2,0.7231
BA,0.033,3,0.7211
BA,0.033,4,0.7223
BA,0.033,5,0.7151
BA,0.033,6,0.7231
BA,0.033,7,0.7232
BA,0.033,8,0.7179
BA,0.033,9,0.732
BA,0.033,10,0.7308
BA,0.033,11,0.7202
BA,0.033,12,0.7189
BA,0.033,13,0.7204
BA,0.033,14,0.731
BA,0.033,15,0.7234
BA,0.033,16,0.7195
BA,0.033,17,0.7188
BA,0.033,18,0.7287
BA,0.033,19,0.7265
BA,0.033,20,0.7273
BA,0.033,21,0.7254
BA,0.033,22,0.7219
BA,0.033,23,0.7292
BA,0.033,24,0.7196
BA,0.033,25,0.7177
BA,0.033,26,0.7194
BA,0.033,27,0.7237
BA,0.033,28,0.7169
BA,0.033,29,0.73
BA,0.033,30,0.7225
BA,0.033,31,0.7203
BA,0.033,32,0.727
BA,0.033,33,0.7164
BA,0.033,34,0.7304
BA,0.033,35,0.7344
BA,0.033,36,0.7218
BA,0.033,37,0.7184
BA,0.033,38,0.7128
BA,0.033,39,0.7265
BA,0.033,40,0.7181
BA,0.033,41,0.7319
BA,0.033,42,0.7255
BA,0.033,43,0.729
BA,0.033,44,0.7238
BA,0.033,45,0.7286
BA,0.033,46,0.7185
BA,0.033,47,0.717
BA,0.033,48,0.7229
BA,0.033,49,0.7169
BA,0.033,50,0.7165
BA,0.033,51,0.7212
BA,0.033,52,0.7193
BA,0.033,53,0.7244
BA,0.033,54,0.7209
BA,0.033,55,0.7205
BA,0.033,56,0.7273
BA,0.033,57,0.7153
BA,0.033,58,0.719
BA,0.033,59,0.7207
BA,0.033,60,0.729
BA,0.033,61,0.7325
BA,0.033,62,0.7174
BA,0.033,63,0.7155
BA,0.033,64,0.7258
BA,0.033,65,0.7227
BA,0.033,66,0.7284
BA,0.033,67,0.718
BA,0.033,68,0.7249
BA,0.033,69,0.7243
BA,0.033,70,0.7181
BA,0.033,71,0.722
BA,0.033,72,0.7166
BA,0.033,73,0.7194
BA,0.033,74,0.7234
BA,0.033,75,0.7167
BA,0.033,76,0.7227
BA,0.033,77,0.7219
BA,0.033,78,0.7151
BA,0.033,79,0.717
BA,0.033,80,0.7214
BA,0.033,81,0.7195
BA,0.033,82,0.7126
BA,0.033,83,0.7222
BA,0.033,84,0.7227
BA,0.033,85,0.728
BA,0.033,86,0.7255
BA,0.033,87,0.7199
BA,0.033,88,0.7284
BA,0.033,89,0.7251
BA,0.033,90,0.7226
BA,0.033,91,0.7294
BA,0.033,92,0.7206
BA,0.033,93,0.7212
BA,0.033,94,0.7283
BA,0.033,95,0.7148
BA,0.033,96,0.7225
BA,0.033,97,0.7305
BA,0.033,98,0.731
BA,0.033,99,0.7207
BA,0.033,100,0.7118
BA,0.033,101,0.7204
BA,0.033,102,0.7151
BA,0.033,103,0.722
BA,0.033,104,0.7171
BA,0.033,105,0.7258
BA,0.033,106,0.7272
BA,0.033,107,0.7254
BA,0.033,108,0.7311
BA,0.033,109,0.7184
BA,0.033,110,0.7223
BA,0.033,111,0.736
BA,0.033,112,0.7238
BA,0.033,113,0.7172
BA,0.033,114,0.7325
BA,0.033,115,0.7266
BA,0.033,116,0.7257
BA,0.033,117,0.7218
BA,0.033,118,0.7226
BA,0.033,119,0.7175
BA,0.033,120,0.7308
BA,0.033,121,0.7299
BA,0.033,122,0.7242
BA,0.033,123,0.7135
BA,0.033,124,0.7246
BA,0.033,125,0.7259
BA,0.033,126,0.7184
BA,0.033,127,0.7135
BA,0.033,128,0.7235
BA,0.033,129,0.7286
BA,0.033,130,0.7237
BA,0.033,131,0.7274
BA,0.033,132,0.7261
BA,0.033,133,0.7145
BA,0.033,134,0.7207
BA,0.033,135,0.739
BA,0.033,136,0.7214
BA,0.033,137,0.7309
BA,0.033,138,0.7182
BA,0.033,139,0.7173
BA,0.033,140,0.726
BA,0.033,141,0.722
BA,0.033,142,0.7256
BA,0.033,143,0.7191
BA,0.033,144,0.7218
BA,0.033,145,0.727
BA,0.033,146,0.7178
BA,0.033,147,0.7217
BA,0.033,148,0.728
BA,0.033,149,0.7192
BA,0.033,150,0.7212
BA,0.033,151,0.7243
BA,0.033,152,0.7219
BA,0.033,153,0.7146
BA,0.033,154,0.7227
BA,0.033,155,0.7173
BA,0.033,156,0.7229
BA,0.033,157,0.7306
BA,0.033,158,0.7311
BA,0.033,159,0.7188
BA,0.033,160,0.7106
BA,0.033,161,0.725
BA,0.033,162,0.73
BA,0.033,163,0.7155
BA,0.033,164,0.7191
BA,0.033,165,0.7188
BA,0.033,166,0.7215
BA,0.033,167,0.7248
BA,0.033,168,0.7233
BA,0.033,169,0.7287
BA,0.033,170,0.7164
BA,0.033,171,0.7252
BA,0.033,172,0.7327
BA,0.033,173,0.7292
BA,0.033,174,0.7209
BA,0.033,175,0.7283
BA,0.033,176,0.7205
BA,0.033,177,0.7224
BA,0.033,178,0.717
BA,0.033,179,0.7325
BA,0.033,180,0.7291
BA,0.033,181,0.7214
BA,0.033,182,0.7206
BA,0.033,183,0.7264
BA,0.033,184,0.728
BA,0.033,185,0.7112
BA,0.033,186,0.7183
BA,0.033,187,0.7359
BA,0.033,188,0.7237
BA,0.033,189,0.7322
BA,0.033,190,0.7238
BA,0.033,191,0.7194
BA,0.033,192,0.7257
BA,0.033,193,0.721
BA,0.033,194,0.7195
BA,0.033,195,0.7296
BA,0.033,196,0.7272
BA,0.033,197,0.7246
BA,0.033,198,0.728
BA,0.033,199,0.7236
